HeatNo,Current1,Current2,Current3,Voltage1,Voltage2,Voltage3,MVATot,MWTot,MVARTot,PFTot,ZFeedback1,ZFeedback2,ZFeedback3,RWI1,RWI2,RWI3,NeutralCurrent,NeutralVolts,PrimaryVolts,VoltageLineToLine12,VoltageLineToLine23,VoltageLineToLine31,PhasorAngleV1I1,PhasorAngleV1I2,PhasorAngleV1I3,PhasorAngleV1V2,PhasorAngleV1V3,CurrentLoadPercent1,ActReaTap_Px3,ActualCHRG_PX3,ChargeWt1Tons,ChargeWt2Tons,ChargeWt3Tons,Ontime_PX3,OffTime_PX3,MWH_PX3,RegOut1,RegOut2,RegOut3,ChargeNumber,CIcounter1,CIcounter2,CIcounter3,SF1,SF2,SF3,MeanSF1,MeanSF2,MeanSF3,MeanCurrent1,MeanCurrent2,MeanCurrent3,MeanVoltage1,MeanVoltage2,MeanVoltage3,MeanTotMVA,MeanTotMW,MeanTotMVAR,MeanTotPF,I2H1,I2H2,I2H3,HeatRWI1,HeatRWI2,HeatRWI3,TransformerTap,HeatMWHPLC,ChargeNumb,PwrOnTime,TapTapTime,Ph1Pressure,Ph2Pressure,Ph3Pressure,PanelTemp1A,PanelTemp2A,PanelTemp2B,PanelTemp3A,PanelTemp3AEast,PanelTemp3C,PanelTemp4A,PanelTemp4C,PanelTemp5D1,PanelTemp5D2,PanelTemp6A,PanelTemp6C,PanelTemp7A,PanelTemp7E,PanelTemp8A,PanelTemp8B,PanelTemp9A,TempSumpN,TempSumpS,RoofInlet,RoofOutlet,CarbInject,HeatWt,OperKwhPerTon,HeatAvgMW,HeatI2HperMWH,HeatAvgI2H,ValidTempSample,ValidPPMSample,ValidCarbonSample,Charge_Carb,TotScrapWt,B1_GasCns,B1_O2MainCns,B1_CarbonCns,B2_GasCns,B2_O2MainCns,B2_CarbonCns,B3_GasCns,B3_O2MainCns,B3_LimeCns,TotalGasCns,TotalO2Cns,TotalCarbonCns,AdditionsCarbCharg,AdditionsLimeInj,AdditionsCarbInj,NCCcounter1,NCCcounter2,NCCcounter3,TotalCurrent,TempSumpNAvg,TempSumpNMax,TempSumpSAvg,TempSumpSMax,MWH1
10002,32.339026946107786,32.98618263473058,31.798308383233472,252.9173737373749,250.85363636363869,266.19191919191684,24.244090909090904,21.328636363636342,11.252070706060604,0.9185080788888887,12.718682601796399,12.06215566616764,13.311601782934131,1299.1062874251497,1284.5389221556886,1462.0913173652696,0.10375757575757633,179.85505050504992,13.983458083832334,431.19525252524943,432.5452525252512,435.67161616161496,1.6041010101010087,17.65428282828285,9.544131313131315,16.117919191919214,8.02630302727273,5950.856565656566,4,3,28.2,22.2,9.6,44.2,20.8,23.9,2815.4569624411665,2708.1021565273336,3629.7481695963766,2.207070707070707,7,5,6,402.55555555555554,393.53636363636366,406.9131313131313,115.41616766467065,103.11526946107784,122.0,21.864969695858516,22.322323232323274,21.505242424242415,252.84555555555767,250.18767676767916,266.2112121212099,24.29275757474746,21.345575757575762,11.310848483838392,0.917485452323233,818,845,791,417,426,472,6,23.9,3,44.2,65.0,13041.757575757576,13347.322222222223,13600.624242424243,81.07777777777778,80.02929292929294,74.46363636363637,77.31919191919192,82.98181818181818,72.03838383838384,82.67171717171718,83.74848484848485,83.82626262626263,79.06767676767677,93.31010101010101,82.17777777777778,79.86565656565656,78.69090909090909,85.15555555555555,82.73131313131313,84.26464646464646,76.96565656565656,106.12929292929293,69.26666666666667,77.99595959595959,365,60.0,398.3333,32.44344,34.22594,818.0,3095,1110.8,0.58,846,50.327171717171716,5812.521,20591.88,500.1238,5632.665,20519.55,556.6353,4449.193,9668.274,3727,15894.38,50779.71,1399.8324424242473,846,3727,1421.759,1,0,0,65.55244444444442,76.96565656565656,85,106.12929292929293,124,10.6
10003,33.12829059829056,33.87822954700857,32.66488400244201,260.52416812609454,259.629334500878,276.6834500875632,25.0277758318739,20.8517338003503,13.518423815236405,0.8818029751313488,13.399010949938958,12.151684956043935,14.474676412698404,950.6361416361416,1119.7826617826618,1186.0573870573871,0.11882661996497441,230.77486865148873,13.880122100122076,443.0255691768798,443.2545534150626,447.4915936952724,2.0074781084938715,19.03415061295973,10.346068301225934,17.2130122591944,8.639369522767087,6403.411558669001,4,3,30.1,21.3,13.0,54.3,426.5,27.0,3579.5429366528865,3778.1113231095683,4422.367049486729,2.3476357267950965,10,18,13,396.7171628721541,383.7565674255692,400.9964973730298,162.55677655677655,146.51770451770452,165.77533577533578,23.33721541155877,23.913730297723284,22.927635725919416,261.5570928196169,261.7091943957989,277.304553415059,24.68572679509634,20.63843257443083,13.249781084938718,0.8822705759194387,1070,1107,1036,418,442,492,6,0.0,1,0.0,0.0,12838.774956217163,13204.021015761822,13512.248686514886,81.1768826619965,77.35288966725044,73.0893169877408,75.96322241681261,80.95359019264448,69.45096322241682,82.23204903677758,84.29159369527146,82.54991243432575,76.96059544658493,88.52626970227671,79.88353765323993,78.58231173380035,77.38266199649738,84.35726795096322,82.26094570928196,82.83187390542908,75.50175131348512,84.04290718038528,71.00525394045535,77.19089316987741,368,64.4,419.2547,29.83425,39.66667,1071.0,3042,723.8,0.86,935,52.564798598949835,5438.116,20862.9,543.9197,5212.043,20687.05,583.4775,4528.505,9901.127,4024,15178.66,51451.08,1310.9902364273382,935,4024,1495.397,0,0,0,71.50121716024614,75.50175131348512,87,84.04290718038528,101,9.099999
10004,32.65108069164265,33.65952449423628,32.29416426512971,271.12889125799643,270.1833688699373,294.58240938166176,26.702921108741958,22.95992537206825,13.406471215351825,0.8958740922174835,12.448371719020178,11.798573451008636,13.508083548991387,1216.07204610951,1201.3458213256483,1405.5331412103747,0.11835820895522467,210.99093816631085,14.000000000000043,466.91844349680053,467.1817697228141,472.0911513859274,1.882078891257994,19.434914712153542,10.49131130063967,17.497345415778256,8.78504264179105,6558.297441364605,4,3,28.3,24.8,7.3,46.0,15.7,24.4,2998.4439247693094,3261.921021576585,3881.912201782375,2.14498933901919,3,5,6,351.74626865671644,344.24626865671644,352.6204690831556,126.40057636887607,118.17146974063401,132.36887608069165,23.86879530810234,24.483272921108732,23.524520253731335,272.03869936034243,270.85138592750684,294.66204690831455,26.36056503198295,22.718187633262264,13.15034114925374,0.8972302755863539,847,885,830,408,402,480,6,24.4,3,46.0,61.7,12766.57142857143,13044.540511727078,13392.973347547975,82.81130063965885,78.8731343283582,74.27611940298507,77.83795309168444,84.72068230277185,73.87633262260128,86.39872068230277,85.00426439232409,83.83688699360341,79.69936034115139,98.79637526652452,82.56716417910448,82.65245202558636,78.47334754797441,87.31449893390192,82.81449893390192,86.01492537313433,76.80490405117271,91.50426439232409,68.98507462686567,77.4594882729211,507,60.4,403.9735,31.82609,35.0,854.0,3117,971.1,0.76,973,48.404371002132756,5636.435,20189.21,474.6938,5448.604,20155.98,494.4727,4448.798,9940.992,3778,15533.84,50286.18,1267.2983188699325,973,3778,1476.167,1,0,0,72.97157782409413,76.80490405117271,88,91.50426439232409,115,8.4
10005,31.934275256222538,33.007027818448016,31.69537335139092,262.509222797929,255.55119170984676,279.82010362694075,25.08817616580309,21.470932641450773,12.823181347150262,0.8974878743005187,13.136969196193261,11.449326468521216,13.60692531039531,1197.0980966325037,1188.0585651537335,1338.5212298682284,0.10676683937823901,211.96373056994713,13.992840409956095,443.90559585491934,445.0749222797914,449.1211398963716,1.8040414507772002,18.643129533678756,10.057606217616575,16.72333678756477,8.327917096373056,6106.252849740933,4,3,31.2,23.8,5.0,45.2,18.2,23.7,3060.315141860356,2839.5030262378887,3663.9079239956527,2.15440414507772,4,1,5,389.1854922279793,372.29119170984455,389.20725388601034,141.900439238653,120.72474377745242,139.71888726207905,22.800279792746085,23.312113988601006,22.393077719171004,260.561450777204,258.4121243523335,279.6761658031068,25.112642487046628,21.484476682901573,12.844601035233165,0.8976432111917096,835,861,806,386,394,457,6,23.7,3,45.2,63.4,12837.888082901554,13004.645595854923,13295.874611398964,83.83316062176166,79.78652849740932,74.94818652849742,78.64559585492228,84.39067357512954,73.28497409326425,89.00725388601036,85.01450777202072,84.81450777202072,79.1098445595855,94.41658031088083,83.43212435233161,81.64248704663213,79.23523316062176,90.29637305699482,83.56373056994819,86.3378238341969,77.53886010362694,94.77616580310881,69.63626943005181,77.89740932642486,387,60.0,395.0,31.46018,35.18988,834.0,3041,1238.2,0.6,917,49.78715025906739,5155.183,16312.94,363.084,5024.597,16166.52,401.229,4107.913,8991.514,3192,14287.69,41470.97,1183.7687206217674,917,3192,1151.313,2,0,0,68.41213471399038,77.53886010362694,87,94.77616580310881,109,9.3
10006,33.38224268817208,33.8301689708141,32.59562211981567,291.83801955990276,297.93312958435337,319.70855745721195,29.599486552567218,25.494046454767737,14.757127138141811,0.8901152788508561,12.49331794316436,11.743655889400912,13.183701976958508,1196.436251920123,1306.774193548387,1484.3486943164362,0.12256723716381497,233.2562347188259,14.002964669738923,508.13398533007114,508.67836185818953,511.1852078239595,1.9879951100244497,20.884425427872863,11.328202933985326,18.7209902200489,9.447836182151585,7298.238386308069,4,2,31.5,28.5,0.0,43.3,12.9,23.6,2962.2197586971865,3005.81711372353,3594.0746928376225,1.5745721271393642,5,4,1,298.8044009779951,291.2591687041565,301.66870415647924,124.29800307219662,114.23502304147465,123.78801843317973,26.287542787286004,26.836222493887536,25.778997553789683,293.56332518337473,297.2037897310522,321.10244498777456,29.402591687041586,25.34679706600245,14.629083128361865,0.8898567227383861,832,858,799,390,406,481,7,23.6,2,43.3,56.2,12800.837408312958,12999.314180929096,13382.062347188265,81.48166259168704,78.58068459657702,73.5,77.2200488997555,83.41198044009779,71.20782396088019,89.28239608801955,83.78484107579462,83.5158924205379,79.03667481662592,94.44009779951101,81.38875305623472,81.59046454767726,77.78484107579462,88.20904645476773,82.34718826405867,84.50733496332518,75.80684596577017,91.38630806845966,68.93520782396088,76.43031784841075,320,60.0,393.3333,32.70208,35.15537,829.6667,3086,1065.4,0.49,886,47.66564792176039,5981.419,19299.23,484.5833,5787.708,19088.76,498.7107,4323.149,9142.248,3730,16092.28,47530.24,1190.2749262836207,886,3730,1303.294,1,0,0,79.43832517114907,75.80684596577017,87,91.38630806845966,109,10.6
10007,32.63146684542587,33.097933753943195,32.15779179652994,282.10992907801506,284.26122931442194,302.41300236406465,27.65690307328605,23.674775413711608,14.05737588534281,0.8923708028368784,12.927523621451082,12.562744457413244,13.646876932176664,1252.826498422713,1307.2255520504732,1497.0536277602523,0.11658392434988268,233.49669030732775,14.018817034700344,483.5855791962157,484.16264775413543,487.1497635933788,1.8989007092198575,19.713877068557906,10.735236406619386,17.734267139479893,8.95216311702127,6720.470449172577,4,2,31.6,28.8,0.0,42.2,13.2,22.8,3295.1083045339965,3526.8838239343977,4084.084972216025,1.6453900709219857,11,7,3,352.86406619385343,346.2706855791962,354.31205673758865,138.43059936908517,124.82018927444796,140.08832807570977,24.54494089834515,25.06983451536646,24.04760047281324,280.2092198581573,282.6015366430276,303.7927895981077,27.706028368794325,23.704574468085106,14.099503546099282,0.891346216193853,801,829,769,380,396,459,7,22.9,2,42.2,55.4,12856.074468085106,12948.264775413712,13254.346335697399,83.93498817966903,80.34988179669031,75.10401891252955,78.92198581560284,83.63356973995272,73.05910165484633,92.16430260047281,85.43144208037825,84.8321513002364,79.99881796690308,96.4066193853428,83.1323877068558,82.68439716312056,79.51182033096927,88.0839243498818,83.9869976359338,85.97517730496453,77.06973995271868,92.89125295508275,70.23286052009456,78.31560283687944,382,60.4,377.4834,32.41706,35.0731,799.6667,3049,822.8,0.8,931,49.926477541371945,6187.637,21270.3,429.4849,6048.706,21156.96,433.7231,4304.55,9213.736,3769,16540.89,51640.99,1168.2696855791894,931,3769,1245.208,4,0,0,73.36070919503547,77.06973995271868,86,92.89125295508275,103,8.8
10008,32.88602291162029,33.81916530278229,32.59404255319146,232.57209302325688,233.03822042467263,247.42861476238483,22.822719919110238,19.533710817997957,11.591991911021237,0.9099809888776546,13.202487698854323,12.73364971031097,13.785564617021283,1276.9263502454992,1239.0900163666122,1474.315875613748,0.09694641051567288,193.32608695652016,13.975515548281546,397.0163801819988,398.2668351870545,400.49453993932934,1.6000808897876668,16.173164812942378,8.845237613751266,14.637340748230532,7.328705755308382,5602.120323559151,4,2,31.7,28.4,0.0,40.5,24.5,22.1,3388.2660925125333,3897.5552613190475,4139.88658006744,1.6825075834175935,13,11,12,462.6299292214358,465.61071789686554,471.69160768452986,134.9558101472995,129.90180032733224,144.05073649754502,20.234226491405426,20.742730030333664,19.936228513650164,232.97047522750387,233.28988877654325,248.9718907987852,22.801001011122377,19.534863497472205,11.553033367037411,0.9108370060667336,778,812,754,373,380,437,7,22.1,2,40.5,65.0,12920.783619817998,13456.586450960565,13692.841253791708,82.53488372093024,77.37917087967644,72.24671385237613,75.8412537917088,80.01617795753286,68.21334681496461,85.20121334681497,82.42568250758342,81.81698685540951,76.24772497472195,87.61172901921132,80.25581395348837,77.24974721941355,76.54802831142568,83.95551061678464,81.14155712841254,82.29726996966633,74.26086956521739,86.98988877654196,68.30738119312437,75.11729019211324,389,60.1,367.7205,32.74074,35.35445,781.3333,3057,946.8,0.71,917,49.32457027300297,6717.782,22065.88,418.1824,6379.67,21571.55,435.1357,4903.146,10372.66,3735,18000.6,54010.09,794.5093839767416,917,3735,1242.318,3,0,0,61.34863498382208,74.26086956521739,85,86.98988877654196,97,8.5
10009,32.18895833173078,33.093749999999936,32.083092948717926,269.3348416289606,263.89049773755795,287.15192307692155,25.83191176470589,22.39635746606335,12.619988687782804,0.9066039569004527,13.339487150640993,12.016298044871784,14.13160254647435,1255.133012820513,1305.0240384615386,1417.3589743589744,0.106832579185521,209.6664027149311,13.969342948717989,458.12907239818776,458.5454751131201,462.0917420814457,1.685690045248868,18.490045248868768,9.93528280542987,16.69417420814479,8.345260179864253,6262.371040723982,4,2,31.0,29.3,0.0,41.4,20.0,22.7,2910.1239149973485,3629.779052560263,4118.597017669745,1.6312217194570136,11,8,14,388.4864253393665,373.95022624434387,383.02714932126696,132.57532051282053,114.2724358974359,126.19711538461539,23.055350677601663,23.66036199095022,22.74005655995475,266.37647058823666,264.480090497739,287.75791855203516,26.042047510180986,22.529411763574657,12.790814479638014,0.9051068989819014,793,823,766,386,395,466,7,22.7,2,41.4,61.4,12829.93552036199,13017.601809954751,13687.010180995476,83.20475113122171,83.33823529411765,73.53280542986425,77.00565610859728,82.26244343891403,69.90158371040724,86.57126696832579,83.40497737556561,82.91742081447964,77.23076923076923,93.74886877828054,82.19117647058823,78.2341628959276,77.63348416289593,84.68552036199095,82.31447963800905,83.51131221719457,75.33144796380091,86.6470588235294,69.72850678733032,76.52714932126698,302,60.3,376.451,32.89855,34.97797,794.0,3053,754.9,0.85,918,49.42251131221748,6394.49,21399.99,453.502,6158.38,21071.59,457.7405,4578.899,9771.149,3732,17131.77,52242.73,1193.4784573529312,918,3732,1213.242,4,0,0,68.73220588122173,75.33144796380091,85,86.6470588235294,97,9.2
10010,32.8464886731392,33.56108414239481,32.252006470873795,268.0901658767788,271.5667061611393,293.4209715639796,26.810118483412314,23.32850710900475,12.902345971563975,0.9054427702606632,12.441860807443359,11.886715177993516,13.906941728155338,1265.6909385113267,1328.2653721682848,1512.6601941747572,0.11169431279620923,201.40390995260563,13.950161812297718,466.0489336492869,468.022156398103,469.16635071089877,1.7715165876777275,19.158436018957353,10.348436018957344,17.21925355450236,8.65966824526067,6593.864928909953,4,2,30.0,28.1,0.0,40.9,15.4,22.4,3081.7481510783014,3196.3818258260167,3791.1405528699584,1.6682464454976302,8,10,6,355.87085308056874,343.43009478672985,359.0770142180095,117.35598705501619,104.59546925566343,123.78155339805825,24.013530805687132,24.495817535545005,23.567511847156368,269.48471563981195,271.7419431279638,292.45438388625433,26.83963270142184,23.367132701421824,12.89280805567534,0.9053866091232226,778,807,749,378,397,451,7,22.4,2,40.9,56.3,12629.913507109004,12764.612559241707,13344.431279620852,84.92890995260663,87.12796208530806,75.55450236966824,79.2191943127962,85.56161137440758,72.87203791469194,88.4324644549763,85.64691943127963,85.08293838862559,79.33649289099526,97.92535545023696,83.9063981042654,80.47630331753554,79.85545023696683,85.77488151658768,84.49289099526067,85.26421800947867,77.48815165876778,88.07109004739337,70.67772511848341,78.80805687203791,489,58.1,385.5422,32.86063,34.73214,778.0,3074,1370.1,0.47,988,48.71101895734529,5980.046,20772.47,614.5588,5835.947,20631.38,610.3206,4196.04,9019.191,3643,16012.03,50423.04,1345.6060732227493,988,3643,1713.879,2,0,0,72.24548578080575,77.48815165876778,85,88.07109004739337,96,8.7
10011,33.11519736842104,34.058404605263156,32.86824013157891,291.48492268041355,290.88543814433126,312.3914948453596,29.273917525773182,25.282371134020632,14.55903350515464,0.89312190451031,12.17429274013157,11.503092078947358,12.8603782730263,1285.641447368421,1256.2746710526317,1514.2894736842106,0.12038659793814488,223.03337628865904,13.933996710526282,499.8423969072146,500.9239690721644,504.1222938144319,1.9734407216494845,20.570309278350496,11.171907216494859,18.536701030927834,9.301585050257735,7140.854381443299,4,2,29.6,28.6,0.0,40.4,11.9,22.1,3089.898342708649,2760.142886728221,3812.6978659804845,1.5811855670103092,3,1,9,307.3878865979381,300.6520618556701,309.1507731958763,116.32565789473684,104.86842105263158,121.99177631578948,25.782680411082385,26.28523195876292,25.260579896907192,291.57693298969207,291.8862113402074,313.09432989690583,28.917293814432988,24.978492268041204,14.381494844072161,0.8925976796391754,768,789,738,373,386,432,7,22.1,2,40.4,52.3,12566.829896907217,12876.034793814433,13132.840206185567,86.15979381443299,90.39561855670104,76.6971649484536,80.5167525773196,88.4381443298969,75.23453608247422,91.4639175257732,88.75257731958763,86.24226804123711,83.78221649484536,100.64304123711341,86.5090206185567,81.47036082474227,81.09278350515464,86.38530927835052,85.72938144329896,86.07731958762886,79.51804123711341,91.7409793814433,71.10051546391753,79.46262886597938,318,58.2,379.7251,32.82178,34.61538,765.0,3050,1155.2,0.51,957,46.20128865979407,5144.775,18897.99,550.9839,5021.306,18795.39,613.1462,3983.6,8385.508,3633,14149.68,46078.88,1356.3450895618541,957,3633,1482.13,2,0,0,78.38600515463915,79.51804123711341,90,91.7409793814433,100,10.4
10012,32.38290113452187,33.39633711507293,32.078136142625596,268.5928987194424,262.99091967404087,285.92945285215245,26.014435389988364,22.414679860302673,13.02485447962747,0.90009813492433,13.473598024311187,11.779513743922198,13.751280369529963,1149.8363047001621,1247.2528363047002,1344.0891410048623,0.10980209545983768,210.37916181606408,13.875235008103717,456.03585564609773,457.476833527356,460.62561117578434,1.7811292200232838,18.91889406286379,10.191338766006979,17.010151338766,8.47196739813737,6389.145518044237,4,2,32.5,25.7,0.0,40.9,16.6,22.1,2955.8291290678576,3423.421190180625,3903.775729620385,1.649592549476135,3,3,4,377.56693830034925,368.24796274738065,376.39115250291036,136.6515397082658,120.09724473257698,131.94975688816857,23.40890570430718,24.14715948777648,23.25135040745052,269.1394644935986,264.8089639115262,285.07764842956806,26.199999999999996,22.588090800931305,13.086926656577399,0.9006266573923168,773,808,755,373,376,433,7,22.1,2,40.9,57.5,12718.414435389988,13201.828870779977,13484.838183934808,84.43306169965075,85.67986030267753,75.47729918509896,79.046565774156,84.58323632130384,71.22118742724098,90.0058207217695,86.24679860302678,84.76367869615832,81.14551804423749,94.0197904540163,84.17694994179278,79.86379511059371,79.59487776484283,85.12456344586728,84.33643771827707,84.85797438882422,78.39813736903376,95.30966239813736,70.62165308498254,78.33527357392316,357,58.2,379.7251,32.42054,35.23379,778.6667,3061,1264.6,0.48,0,48.90966239813715,6106.915,20244.38,638.5762,5944.847,20189.98,709.2151,4157.323,8919.243,3646,16209.08,49353.6,579.0003965913884,0,3646,1704.791,2,0,0,70.29098952270078,78.39813736903376,91,95.30966239813736,108,7.9
10013,32.48496753246753,33.31587662337659,32.42948051948051,284.7938978829398,287.52216687422293,304.7825653798244,28.079962640099602,24.39679950186799,13.755056038605227,0.8995435845579075,12.820373342532458,12.017711,13.025746725649345,1118.2061688311687,1291.6818181818182,1496.9707792207791,0.11605230386052368,221.4758405977579,13.863425324675335,490.34333748443134,490.07858032378425,494.04209215441944,1.885591531755914,20.13975093399751,10.92519302615193,18.23155666251559,9.18794520174346,6854.978829389788,4,2,31.5,26.7,0.0,40.8,12.0,22.3,2777.742376126713,3469.5010571410858,3856.3265952792226,1.6276463262764633,2,5,2,321.94520547945206,320.1295143212951,325.173100871731,118.5762987012987,115.04383116883118,123.89123376623377,25.131631382316257,25.967882938978857,24.906475716064755,283.6488169364892,284.5721046077222,308.1808219178075,28.223486924034844,24.48098380821919,13.872204231631384,0.8981042307596498,770,817,757,376,378,452,7,22.3,2,40.8,52.8,12676.001245330013,12629.49688667497,13086.341220423412,85.40722291407224,85.83935242839352,76.86301369863014,80.6052303860523,85.7733499377335,72.45205479452055,89.93773349937733,87.78829389788294,86.53798256537982,83.04981320049814,97.15068493150685,86.16936488169365,82.0983810709838,81.05105853051059,86.186799501868,85.80946450809465,86.55417185554172,80.12204234122042,97.27770859277709,71.51307596513075,79.92403486924034,336,58.2,383.1615,32.79412,35.03737,781.3333,2997,1081.6,0.45,608,48.08667496886673,5781.106,19442.53,442.2,5657.256,19429.3,453.5022,4015.925,8542.469,3667,15454.29,47414.3,862.3225983810735,608,3667,1231.702,2,0,0,75.35921544209214,80.12204234122042,91,97.27770859277709,113,8.9
10014,33.24363790186122,34.06091370558377,32.20614213197969,276.7110831234268,276.6901763224195,302.48337531486004,27.73642317380349,24.146108312342566,13.419219142317388,0.9038557905541571,12.113807065989853,11.325482203045667,13.87055836040609,1201.067681895093,1330.5634517766498,1549.575296108291,0.11306045340050422,214.36675062972236,13.864145516074455,477.4185138539026,480.0716624685131,482.2246851385386,1.7969521409319915,19.445138539042816,10.505680100755661,17.559471032745595,8.783715361460954,6838.837531486146,4,2,32.2,26.0,0.0,39.3,12.6,21.6,2779.895169665921,3239.7345757616868,3546.771752535621,1.6397984886649875,3,6,6,340.7544080604534,337.3476070528967,352.55037783375315,123.06091370558376,112.65482233502539,131.35871404399325,24.396763222921848,25.069055415617093,24.012418134760672,279.7090680100768,275.71700251889297,301.52481108312224,27.532896725440825,23.93149873929471,13.36925692695214,0.9020478578085642,742,776,726,378,371,435,7,21.6,2,39.3,51.9,12653.01637279597,12635.382871536523,13151.414357682619,83.68261964735517,84.30478589420655,75.63727959697734,79.38035264483628,84.02392947103274,70.15113350125945,86.7632241813602,86.12216624685138,85.19143576826197,80.23803526448363,94.97732997481108,84.35264483627203,82.08690176322418,80.16120906801008,84.40428211586902,84.42695214105794,84.79722921914357,78.66120906801008,93.2103274559194,71.01889168765743,78.56549118387909,452,58.2,371.134,32.9771,34.62963,748.0,3047,890.3,0.75,746,48.60327455919396,5360.522,20458.35,483.1702,5243.152,20458.27,423.8333,3981.121,8516.219,3621,14584.79,49432.84,1171.7173186398027,746,3621,1359.003,11,0,0,74.0763602015113,78.66120906801008,89,93.2103274559194,105,8.4
10015,32.91157593123207,33.12444126074495,31.85265042979946,237.7389298893007,240.4250000000013,253.18800738007207,23.049381918819186,19.534132841328415,12.088108854243554,0.9017760139298889,12.054699110315182,12.538538657593135,13.618882505730651,1164.8309455587394,1123.9928366762178,1307.9684813753581,0.09924354243542494,204.71669741697286,13.86392550143268,406.4274907749044,407.7853321033187,409.40811808117877,1.7616328413284144,16.94077490774907,9.302536900369002,15.398228782287847,7.7367435405904095,5763.291512915129,4,3,32.8,27.3,4.4,46.4,31.8,24.0,2851.174273156721,4248.663127693745,4050.4799404940063,2.21309963099631,6,6,8,448.7546125461255,448.42250922509226,454.4483394833948,149.76647564469914,147.29799426934096,155.36962750716333,20.722001843173317,21.09761992435424,20.2214483385609,239.07785977859925,241.90977859778755,254.48173431734173,22.718357933579327,19.252232471402188,11.89657748985239,0.900749721494464,856,895,824,390,404,451,6,24.0,3,46.4,78.2,13420.824723247233,13224.895756457565,13459.70295202952,84.58763837638377,82.9160516605166,73.85608856088561,78.06457564575646,81.61346863468634,68.03966789667896,85.44649446494465,84.3219557195572,83.89667896678966,78.58118081180812,94.24630996309963,83.32841328413284,80.94372693726937,78.67988929889299,81.98892988929889,82.64022140221402,84.39575645756457,75.96771217712177,87.92343173431735,69.66789667896678,76.62730627306273,769,64.5,372.093,31.03448,35.76389,858.3333,3000,1249.8,0.52,968,54.06522140221383,6684.864,21718.43,572.1755,6337.792,21306.15,618.7974,5263.656,11794.42,3961,18286.31,54818.99,1106.648172830256,968,3961,1959.973,0,0,0,63.043293357933784,75.96771217712177,87,87.92343173431735,97,8.0
10016,32.57541601255887,33.37500784929357,31.964364207221333,296.00351758794073,298.77675879397106,317.93140703517435,29.208404522613066,25.51844220979898,13.976457283919588,0.8994952231155767,12.137064340659352,12.070094155416006,13.22497643956044,1304.2119309262166,1273.6891679748824,1498.784929356358,0.12144472361809111,222.64271356783857,13.856153846153841,510.1714824120582,511.9581658291447,514.9723618090434,1.9657537688442208,20.937952261306524,11.346331658291472,18.9603391959799,9.556118086683417,7182.44095477387,4,2,32.4,28.0,0.0,42.1,11.7,23.2,2877.076623616687,3449.3155206314573,3525.818572468735,1.6243718592964824,6,9,11,287.25502512562815,291.04396984924625,296.1394472361809,108.93406593406593,111.32496075353218,118.51334379905809,26.43246231155772,26.993015075376825,25.967751256281417,295.375879396986,298.4468592964836,316.28806532663214,29.440854271356788,25.660226130653218,14.155778893216068,0.8978136913316591,808,843,788,399,406,458,7,23.2,2,42.1,53.8,13163.629396984925,12557.27512562814,12873.662060301507,91.14447236180905,91.47110552763819,78.08793969849246,83.24246231155779,88.55402010050251,76.61180904522612,91.57035175879398,88.44095477386935,88.81155778894473,82.87437185929649,98.06030150753769,86.84798994974874,85.29020100502512,83.53391959798995,85.89070351758794,86.82035175879398,90.57914572864321,80.49748743718592,91.8856783919598,73.05276381909547,81.10175879396985,541,60.4,384.1059,33.06413,35.04311,813.0,2996,785.9,0.67,990,49.69572864321666,5955.632,19684.44,552.3962,5820.479,19615.07,507.1877,4143.403,8777.167,3762,15919.51,48076.68,1464.5040415829105,990,3762,1600.584,1,1,0,78.36165829145723,80.49748743718592,90,91.8856783919598,101,9.2
10017,33.31725705329159,33.98590909090912,32.818275862068965,266.6377423033073,266.89646522234983,285.9931584948676,26.86535917901942,23.386237172177893,12.930262256556428,0.9066766222348918,11.901724098746085,11.28098742946708,12.775752333855785,1134.0360501567397,1308.8009404388715,1504.1598746081504,0.1130216647662494,194.9095781071828,13.802115987460855,458.9899657924728,459.4392246294177,463.18916761687495,1.7544811857468667,19.07246294184721,10.348118586088939,17.140501710376288,8.615131127708095,6670.702394526796,4,2,31.4,28.8,0.0,42.4,22.9,23.1,2377.544030154457,2748.6605219924795,3766.492381918259,1.5849486887115165,1,2,1,356.38882554161916,349.87799315849486,358.5860889395667,114.6692789968652,105.41379310344827,119.44043887147335,24.02428734207513,24.478415050171037,23.5599657913341,266.7555302166484,266.80592930444794,288.0855188141384,26.66095780957812,23.199532497149413,12.832805017103762,0.905644011630559,802,833,781,394,396,464,7,23.1,2,42.4,65.4,13127.690992018244,13159.403648802736,13494.029646522235,88.7023945267959,88.93500570125427,77.95553021664766,81.60319270239452,87.22919042189281,75.05245153933865,90.57240592930445,87.92588369441278,87.63968072976054,81.4994298745724,99.19042189281642,85.88141391106043,85.05131128848346,82.70467502850627,85.0957810718358,86.64766248574686,89.16077537058153,80.31128848346636,89.69669327251995,73.16191562143672,81.07867730900799,418,60.2,383.7209,32.68868,34.86292,805.3333,3016,912.9,0.53,924,47.963283922462594,5955.028,20097.0,553.8091,5866.182,20006.37,566.5242,4169.669,8881.659,3768,15990.88,48985.03,1208.8892386545026,924,3768,1538.333,0,0,0,72.84720638540479,80.31128848346636,91,89.69669327251995,101,9.599999
10018,32.44016722240803,33.20973244147156,32.10232441471574,267.48383594692547,267.1697225572993,283.0794933654992,26.053606755126644,22.711712907117008,12.532086851628488,0.9079792498190598,12.66010030936455,11.84065213879599,13.147591943143803,1206.908026755853,1293.376254180602,1463.7508361204013,0.11090470446320924,198.85633293124175,13.790802675585304,457.14945717732,458.2793727382374,461.3710494571766,1.7771411338962586,18.967068757539217,10.253582629674296,17.185693606755127,8.609252106151995,6430.090470446321,4,2,30.5,24.9,0.0,39.5,14.9,21.5,2942.1353675480746,2814.0870206585237,3602.9695294615053,1.6188178528347406,5,4,4,361.0180940892642,355.73220747889025,362.232810615199,114.59531772575251,106.96822742474916,117.29765886287625,23.62933654885392,24.140723763570534,23.25259348612785,266.22436670687716,266.9655006031376,283.8698431845583,26.21782870928831,22.826103739445085,12.663570566827499,0.9069743038600716,750,774,721,362,376,423,7,0.0,1,0.0,0.0,13170.720144752715,13250.214716525936,13561.271411338963,91.1556091676719,91.23160434258142,81.2388419782871,84.65862484921593,89.61761158021713,77.10856453558505,94.2183353437877,91.0627261761158,90.82991556091677,86.17852834740651,107.0,90.31724969843185,90.41013268998793,86.29794933655006,88.39083232810616,89.79493365500603,92.09529553679131,83.26296743063932,93.0313630880579,75.7913148371532,84.22074788902292,350,55.4,388.0866,32.65823,34.8062,748.3333,3008,954.6,0.51,836,45.86670687575456,5604.815,19526.4,493.0596,5491.145,19473.66,498.7107,3970.287,8346.833,3433,15066.25,47346.89,1118.3957100120642,836,3433,1341.77,0,0,0,70.51931242340167,83.26296743063932,93,93.0313630880579,103,9.3
10019,32.92070217917678,33.42073848547212,32.15050847457626,238.34744939271314,238.99198380566946,253.03595141700242,22.870251012145744,19.172121456680188,12.097028337651828,0.892565180566802,13.693619802663438,12.52165854842614,14.411634351089578,1064.7058111380145,1010.4382566585956,1133.0048426150122,0.1049635627530372,207.90170040485756,13.765811138014591,405.9708502024261,408.072307692306,409.59587044534317,1.82000809716599,17.686842105263157,9.647392712550607,15.893311740890704,7.970777323076922,5937.68987854251,4,3,30.3,24.1,9.6,54.8,477.3,27.1,4163.510683652703,4068.2972508209737,4586.344047610187,2.2,25,12,18,427.4153846153846,418.9157894736842,431.3570850202429,153.37772397094432,134.16949152542372,160.17433414043583,21.980259109311792,22.43986234817815,21.560072873684216,238.19514170040637,237.56226720647945,253.04388663967444,22.88853441214574,19.220599190283416,12.070712549797557,0.8939393506072869,1113,1130,1070,424,448,483,6,27.1,3,54.8,532.1,13194.95141700405,13131.067206477734,13831.226720647774,83.03481781376519,83.42267206477733,74.74089068825911,77.98542510121457,81.81133603238867,69.16356275303643,85.80728744939272,84.76194331983805,84.15384615384616,78.78947368421052,91.68825910931174,82.6753036437247,80.12955465587045,79.6923076923077,83.9919028340081,84.06396761133604,89.2,76.39595141700404,88.85668016194332,72.67935222672065,78.32955465587044,729,64.0,423.4375,29.67153,40.75031,1104.333,3017,943.6,0.73,1003,52.34259109311757,5533.708,21599.15,604.6692,5260.449,21326.16,624.4482,4717.654,10238.34,3986,15511.81,53163.65,1452.4937708502116,1003,3986,1958.117,0,0,0,65.8933522178145,76.39595141700404,90,88.85668016194332,116,9.099999
10020,33.266573643410815,33.481767438759675,32.102372091472866,267.64771689497763,273.5094748858459,290.9400684931496,26.749075342465748,23.07973744292238,13.295376710045652,0.8987529659817352,12.114651128682162,12.480310048061998,13.67694571782945,1222.0961240310078,1220.6232558139534,1467.106976744186,0.11033105022831136,216.75719178082096,13.848480620155046,464.8787671232857,465.748515981734,467.2136986301356,1.894566210045662,19.183093607305935,10.482226027397248,17.348550228310486,8.761050224885839,6742.827625570776,4,2,31.8,28.3,0.0,42.8,17.0,23.1,3137.4764513540636,3248.3583277260173,3470.0790540560074,1.6746575342465753,5,4,3,353.05593607305934,351.0171232876712,354.04794520547944,125.17519379844961,118.56279069767442,122.90387596899225,24.473995433789923,24.884863013698606,23.869703195205496,269.26940639383645,271.9526255707771,290.20273972602615,26.965844748858448,23.271278537671236,13.391860730593612,0.8994413219178069,833,856,794,382,397,458,7,23.1,2,42.8,59.8,13105.63698630137,13373.963470319635,13528.48401826484,91.60388127853881,91.32648401826484,80.34817351598174,83.7271689497717,88.64155251141553,75.7579908675799,92.2431506849315,90.96575342465754,89.88812785388127,85.57534246575342,104.26940639269407,89.76369863013699,87.95319634703196,85.31506849315069,91.18264840182648,89.81278538812785,95.70319634703196,82.6986301369863,106.95091324200914,76.88013698630137,84.40068493150685,303,60.1,384.3594,32.38318,35.82973,827.6667,3073,802.5,0.87,1078,50.07134703196272,6170.068,21429.45,512.8384,5935.121,21137.47,518.4897,4724.703,10121.95,3777,16829.89,52688.88,1269.2414714611893,1078,3777,1334.328,0,0,0,72.79767122945199,82.6986301369863,94,106.95091324200914,156,9.7
10021,33.14259146341464,33.61260670731706,32.14298780487802,260.95245901639413,270.1707103825148,283.4137704918023,26.235857923497253,22.745398906010937,12.828874315846992,0.9041898340983604,12.132438972560966,12.39797250914634,13.09385668445122,1180.7378048780488,1222.4237804878048,1497.8536585365853,0.11097267759562925,204.24579234972592,13.926371951219453,455.2766120218563,456.88590163934356,458.28251366120134,1.801213114754097,18.74115846994535,10.236994535519125,16.9284699453552,8.593289614207645,6523.994535519126,4,2,30.5,29.5,0.0,43.6,16.4,23.7,2918.3834429918716,3252.50566940909,3408.3531938408732,1.6579234972677597,4,2,4,366.08743169398906,368.7344262295082,373.3114754098361,121.88414634146342,121.98628048780488,125.73170731707317,23.604590162841617,24.08137704918032,23.11497267650273,262.8255737704924,268.724043715848,282.94338797814123,26.22245901639345,22.73189071027323,12.831267759562824,0.9041320201092887,826,863,794,392,411,472,7,23.7,2,43.6,60.0,13100.23825136612,13102.252459016394,13539.831693989072,95.45027322404371,92.89726775956284,83.19672131147541,86.38469945355192,94.20218579234972,78.09398907103825,95.73989071038251,93.65027322404372,92.7912568306011,91.36502732240437,107.91803278688525,94.64480874316939,88.68852459016394,88.55081967213114,93.44808743169399,92.63825136612022,96.74207650273225,85.49726775956285,111.18469945355191,77.87103825136612,87.40546448087431,504,60.0,395.0,32.61467,34.92265,827.6667,3087,1154.2,0.66,904,49.69989071038251,6553.171,22172.63,508.6006,6325.904,21870.33,515.6641,4719.672,10009.77,3729,17598.75,54052.73,1234.6388972677637,904,3729,1528.265,0,0,0,70.91698360655732,85.49726775956285,95,111.18469945355191,131,9.5
10022,32.292570532915384,33.10888714733543,31.716253918495305,262.109967141293,262.1797371303405,280.22464403066726,25.27651697590363,21.669353778751375,12.792771084337366,0.8989055842278211,12.756363612852647,12.282100285266447,13.531097159874616,1203.6896551724137,1234.9545454545455,1453.2601880877744,0.10347207009857674,215.01401971522364,14.008103448275879,448.3757940854308,448.7292442497252,452.2025191675785,1.8537897041621028,18.377557502738217,10.00843373493977,16.597732749178526,8.361774366922237,6161.725082146769,4,3,31.0,24.5,5.0,42.2,17.8,22.5,3172.208053763058,3428.4894097433003,3784.6470048974006,2.0416210295728368,5,1,2,400.3504928806134,381.93756845564076,399.1412924424973,140.03761755485894,121.34952978056427,139.70062695924764,22.459923329682404,22.970690032858705,22.116746987951824,261.5749178532323,263.08368017524776,279.88280394304377,25.12361445783136,21.536637458926624,12.721730557502756,0.8990619910186191,779,805,753,365,395,442,6,22.5,3,42.2,60.0,13064.100766703177,13045.326396495071,13683.7426067908,95.12157721796277,91.37349397590361,81.88937568455641,85.29025191675794,91.3658269441402,76.70208105147864,93.36144578313252,92.31982475355969,91.59693318729464,87.69003285870755,105.37677984665936,93.39320920043812,88.18400876232201,88.41401971522454,91.98138006571742,91.3395399780942,95.08652792990142,84.105147864184,108.06352683461117,76.88828039430449,85.66265060240964,402,60.5,371.9008,31.99052,34.62222,779.0,3065,989.4,0.66,1047,48.18236582694414,5902.876,20047.2,399.8164,5672.523,19780.03,392.7527,4616.105,10277.86,3742,16191.51,50105.08,1149.0367984665993,1047,3742,1194.569,0,0,0,67.87934282584881,84.105147864184,94,108.06352683461117,135,9.599999
10023,33.04554876524393,33.79428353658537,32.22138719512193,260.5416309012881,262.4591201716749,279.2977467811144,25.772575107296124,22.145064377682395,12.95855150107297,0.9010502118025753,11.901966437500002,11.6922255777439,12.997179849085358,1231.0685975609756,1281.6173780487804,1457.8582317073171,0.10996781115879903,205.24678111587923,14.028201219512194,447.3371244635169,449.26051502145873,451.4206008583685,1.815793991416309,18.496824034334757,10.076094420600862,16.762124463519328,8.411502140557943,6321.061158798283,4,3,28.0,23.1,8.900001,43.4,17.7,23.3,3018.42098456539,3459.1116101930684,3208.3309114415706,2.082618025751073,4,2,2,383.08583690987126,382.2027896995708,389.4774678111588,123.53658536585365,122.04725609756098,129.97408536585365,22.885697424785445,23.288562231759627,22.35672746781117,262.26620171781235,264.37188841309137,279.7094420600845,25.420536479613734,21.92013948497857,12.676115878755375,0.9027681312231765,809,839,772,390,403,455,6,23.3,3,43.4,61.1,13054.201716738198,13146.359442060086,13481.542918454936,95.04613733905579,92.10836909871244,82.36802575107296,85.94635193133047,92.33261802575107,78.33798283261802,93.7725321888412,92.5901287553648,92.27896995708154,87.54613733905579,107.39914163090128,92.99678111587983,92.69527896995709,89.16845493562232,93.06974248927038,91.82725321888412,94.30579399141631,84.53648068669528,102.78326180257511,77.60729613733906,85.95278969957081,503,60.0,388.3333,32.21198,34.62089,806.6667,3043,781.3,0.86,920,46.812339055793906,5582.593,18530.29,452.0894,5409.87,18296.44,435.1357,4462.549,9881.025,3763,15455.01,46707.74,1215.407196995714,920,3763,1390.225,0,0,0,69.74066522532179,84.53648068669528,95,102.78326180257511,120,8.5
10024,32.62897435897437,33.549004523378606,32.310844645550546,263.1946977730656,264.0320254506914,280.0875927889695,25.84294803817605,22.143128313891836,13.1439554602333,0.8993315988335112,12.543227719457004,12.074524849170427,12.986847642533931,1240.7978883861238,1217.8295625942685,1496.0331825037708,0.11113467656415763,214.92099681866304,14.108883861236794,449.5331919406128,450.62640509013676,453.27804878048704,1.8036373276776236,18.511272534464464,10.051283138918354,16.70042417815482,8.3592470816543,6243.930010604454,4,3,27.7,24.2,8.3,44.0,17.9,23.6,2830.59348513339,3548.897944208925,3518.583832354457,2.1781548250265113,3,2,1,391.37539766702014,392.1240721102863,390.30752916224816,136.00754147812972,138.5158371040724,138.5052790346908,22.744125131495245,23.21307529162247,22.307211027571565,262.5896076352084,264.7653234358452,281.62248144220416,25.475927889713688,21.857815482502648,12.90145280911983,0.8992115564156947,815,850,785,396,401,470,6,23.6,3,44.0,61.9,12987.919406150584,13072.550371155885,13307.188759278897,97.5980911983033,95.17815482502651,83.45599151643691,87.42523860021208,93.01590668080594,81.93001060445387,95.89925768822906,93.80275715800636,93.36373276776246,88.48356309650053,107.90455991516437,93.9236479321315,101.20996818663839,91.28419936373277,101.84835630965006,92.80593849416755,101.47932131495229,85.56415694591729,102.4390243902439,77.77730646871686,86.17497348886532,593,60.2,392.0266,32.18182,34.60452,816.6667,3071,930.7,0.77,1062,48.43213149522756,5844.939,20751.14,498.7104,5664.826,20567.92,487.4089,4625.447,10290.98,3740,16135.21,51610.04,1392.883469777299,1062,3740,1579.119,0,0,0,69.25991516330852,85.56415694591729,94,102.4390243902439,111,8.599999
10025,31.859636362237786,32.67165034965042,31.176139860139845,268.56032887975476,273.33576567317766,288.8268242548794,25.78838643371018,22.004850976361737,13.30446043062693,0.8920594017471745,12.6024615006993,12.191678286713291,13.929328644755252,1137.290909090909,1065.7230769230769,1368.1006993006993,0.11055498458376216,225.35580678314403,14.032769230769254,462.05775950667777,463.7792394655688,466.0137718396699,1.9180164439876672,19.26221993833502,10.511829393627963,17.44764645426517,8.735272349434746,6308.642343268242,4,3,29.0,22.8,12.5,47.3,18.2,24.9,3068.2633952436854,3325.5819096049813,3611.81437568405,2.3072970195272355,2,2,3,368.3792394655704,360.8705035971223,371.2610483042138,138.24195804195804,128.63776223776225,146.41678321678322,23.74976361664963,24.23426515827338,23.294624871531337,268.09794450154385,273.51521068859415,288.22517985611324,26.092744089414186,22.234820141829406,13.510503597122312,0.89157307163412,874,907,847,394,414,473,6,24.9,3,47.3,65.5,12906.476875642344,13198.204522096608,13306.103802672147,94.46145940390545,94.32065775950667,81.8879753340185,86.82322713257965,89.5005138746146,78.90955806783145,92.09146968139774,91.84789311408016,92.96094552929085,86.5097636176773,101.7317574511819,93.65056526207606,97.35971223021583,91.02774922918807,97.49845837615622,91.07194244604317,96.17985611510791,83.85097636176774,99.44501541623843,76.4049331963001,84.79650565262077,775,64.3,387.2473,31.58562,35.18073,876.0,3023,969.0,0.66,875,51.80534429599245,6416.129,24671.66,601.8435,6212.488,24466.98,594.78,5055.567,11324.69,3828,17684.18,60463.33,1300.9945053442962,875,3828,1971.624,0,0,0,70.3423740996924,83.85097636176774,93,99.44501541623843,113,8.099999
10026,33.4288719512195,33.97890243749996,32.67513719512195,277.72565864833973,282.3654066437583,297.56849942726086,27.9210194730813,24.07892325315004,13.994914088201595,0.8968783486827021,12.383353600609745,11.608917647865846,13.33211888414634,1242.9176829268292,1346.2423780487804,1362.7743902439024,0.11683848797250945,218.2508591065283,14.003704268292738,478.9486827033198,480.497594501718,482.2731958762882,1.9670217640320748,19.818694158075594,10.729770904925543,17.889095074455913,9.024295532646054,6906.695303550973,4,2,30.3,29.9,0.0,43.4,18.8,24.0,3023.3556451104714,2894.7643592115883,3429.8705546385445,1.6013745704467355,7,4,4,333.78006872852234,329.22565864833905,340.13745704467357,117.0564024390244,109.3125,120.71189024390245,25.0784192428293,25.56722794845356,24.55525773195876,279.0761741122578,283.7063001156944,297.7105383734237,27.91605956357389,24.04963344788085,14.022428406643764,0.8962012577319585,855,878,813,391,423,465,7,24.0,2,43.4,62.2,12965.936998854524,13075.801832760595,13362.430698739978,91.61512027491409,93.2233676975945,82.27491408934708,87.49599083619702,91.56701030927834,79.62886597938144,91.79037800687286,91.63802978235968,93.5085910652921,86.75257731958763,104.62886597938144,93.26345933562429,99.71592210767469,91.87628865979381,102.36998854524627,90.88430698739977,94.82588774341352,83.63573883161511,99.73081328751432,76.12142038946163,84.5704467353952,628,60.2,398.6711,33.17972,35.36111,848.6667,2983,1271.4,0.4,901,48.224398625429316,6216.242,21447.91,514.2512,6060.242,21407.11,515.6641,4452.787,9369.271,3730,16729.27,52224.29,1285.4360730813294,901,3730,1657.915,0,0,0,75.21696448911817,83.63573883161511,92,99.73081328751432,113,10.5
10027,33.97121915820026,34.62271407837444,33.14950653120461,276.00405257393265,277.62650602409764,296.38959474260554,28.232135815991235,24.127437020810518,14.511927710843391,0.8914111702081055,12.114194444121905,11.413918660377334,12.92581999854861,1186.4165457184324,1286.3468795355589,1357.5965166908563,0.11997809419496282,226.10481927710802,14.000769230769272,473.8073384446855,475.0739320920036,476.96845564074397,1.9972946330777657,19.900416210295738,10.793877327491773,17.84992332968237,8.994052570646216,7017.573932092005,4,2,30.9,29.1,0.0,45.7,14.2,25.0,3140.747249878238,3447.2362097842033,3809.4610428942756,1.656078860898138,8,9,9,337.42935377875136,329.197152245345,339.3077765607886,123.60377358490567,116.02467343976778,126.65747460087083,25.25624315334065,25.773647315443597,24.756363636363655,275.18587075575107,279.5299014238779,296.4458926615542,27.888148958368053,23.86508214566264,14.286878422771094,0.8918362527929906,900,931,865,405,423,479,7,25.0,1,0.0,0.0,12991.683461117196,12959.487404162102,13597.327491785323,92.84008762322016,93.54983570646222,82.81818181818181,87.59036144578313,92.10733844468784,82.10952902519168,96.43702081051478,94.97918948521358,93.59036144578313,88.81599123767799,103.68236582694414,94.56407447973713,97.09638554216868,90.09529025191675,101.59036144578313,91.6078860898138,95.68784227820372,84.44687842278204,100.33625410733845,76.40087623220154,85.4118291347207,634,60.0,416.6667,32.82276,35.94667,898.6667,3046,1156.5,0.4,840,49.82847754654975,6414.737,22521.66,632.925,6216.144,22268.77,659.7676,4622.21,9749.252,3726,17253.09,54539.68,1287.716328477538,840,3726,1926.693,1,0,0,76.79316538882831,84.44687842278204,94,100.33625410733845,113,9.8
10028,32.22021571648693,33.001278889060096,31.628166409861308,273.45691609977376,272.1867346938793,294.09829931972587,26.36632653061223,22.772755102040815,13.11760770975056,0.8998139438775503,12.300647118644065,12.25308163636363,13.656533109399073,1244.0215716486903,1221.6040061633282,1430.6456086286594,0.10917233560090768,216.26031746031663,13.934468412942989,468.08650793650514,469.7351473922904,471.83208616780047,1.8301133786848072,19.26977324263038,10.468435374149648,17.522448979591825,8.783945575963719,6418.903628117914,4,3,32.1,23.1,5.2,43.1,14.8,22.8,2485.920274601949,3231.5665883359197,3476.296854275047,2.052154195011338,1,2,2,352.9342403628118,351.5,362.31519274376416,121.68412942989214,120.8366718027735,134.72573189522342,23.79531746031745,24.190192743764197,23.25628117913833,272.4529478458068,273.4379818594119,293.9475056689326,26.33924036167802,22.723888888888894,13.132879818594107,0.8984395673469391,785,819,759,386,384,444,6,22.8,3,43.1,57.9,12782.351473922903,12989.057823129251,13481.892290249432,89.83106575963718,88.94104308390023,81.22448979591837,85.40249433106575,89.20294784580499,78.95238095238095,96.58956916099773,91.86734693877551,91.20068027210884,86.96031746031746,99.01473922902494,90.51814058956916,94.24263038548753,87.81972789115646,97.77097505668934,89.9092970521542,94.87868480725623,82.63492063492063,98.92290249433107,75.65419501133786,83.74943310657596,307,60.40001,377.4834,31.74014,34.54679,787.6667,3065,889.3,0.53,939,48.84909699546484,5907.291,18991.46,662.5933,5742.359,18904.78,673.8958,4465.277,9596.36,3756,16114.93,47492.59,1263.284964678002,939,3756,1643.489,0,0,0,71.27626984013598,82.63492063492063,91,98.92290249433107,108,9.9
10029,32.466890155492145,33.2978744636234,31.829072751783166,258.4324949698202,257.68722334004167,282.24416498993844,25.17423541247484,21.489074445663974,12.86761569215291,0.8955840024144871,11.897574857346653,11.837831639087,13.71252493723253,1181.4593437945791,1188.2211126961483,1397.6191155492154,0.11030181086519186,208.55704225352025,13.898373751783136,445.01287726357924,446.2778672032186,448.8820925553306,1.8297283702213265,18.50906438631792,10.053812877263594,16.57187122736419,8.365372227364183,6240.262575452716,4,3,29.3,24.0,9.1,46.7,18.6,24.6,2789.621771323668,3040.109797653579,3541.903137473346,2.112676056338028,0,4,2,380.51509054325953,376.6046277665996,397.63983903420524,125.51355206847362,119.07417974322397,142.34379457917262,22.962354124748476,23.385533198189123,22.466247483903427,258.6734406448704,259.4107645875264,281.25140845070297,25.187102615694148,21.522022131790724,12.843319919517104,0.8957900384305832,860,892,838,402,405,468,6,24.6,3,46.7,65.3,12964.561368209255,13215.458752515091,13530.057344064386,87.32997987927565,86.51307847082495,79.41146881287726,83.49396378269617,89.6076458752515,77.38732394366197,93.82897384305835,89.83802816901408,89.35211267605634,83.35311871227364,98.3923541247485,89.11971830985915,90.07142857142857,85.75251509054326,92.85613682092556,88.21428571428571,92.01609657947687,80.85513078470825,97.15191146881288,74.22434607645876,81.9748490945674,467,62.4,394.2307,31.606,35.09485,863.3333,3003,1237.9,0.42,888,49.26016100603662,6585.074,18279.1,423.8337,6402.555,18102.78,478.9316,4733.984,10511.74,3898,17721.61,46893.63,1187.0846040241431,888,3898,1369.765,1,0,0,68.83713279376289,80.85513078470825,89,97.15191146881288,105,8.5
