HeatNo,ScrapWt,TapWeight,EAF_Yield,Oxygen_SCF,CH4,modCarbon,SAProfile,O2_SCFperTon,Ladle_Temp,HeatsOnLadle,Preheater,Crew,Grade,Tap_Temp,Recarb,EAF_Lime,Add_A,Add_B,Add_C,Add_A_cum,Add_B_cum,Add_C_cum,Bundles,Bush,Frag,PitScrap,Remelt,Skull,#1 HMS,#2 Busheling,150HP Remelt,30-50-85HP Remelt,4600 Parts,4600B Remelt,737SH Remelt,85/150 Remelt,A200 Parts,B Scrap,Carbon Pellets,Coke,Copper Bundles,Factory Bundles,Foundry Busheling,Frag,HBI - Iron Chips,Home Scrap,Moly,Moly Skulls,Ni Skulls,Nickel,P/S,Pond Iron,Rail Crops,SI Sand,Solumet Ni/Mo Skulls,Solumet Pig Iron,Solumet Pit Scrap,Turnings,OTemp,Oxy,C_OxLab,C_L1,S_L1,P_L1,Si_L1,Cr_L1,Ni_L1,Cu_L1,Mn_L1,Mo_L1,Al_L1,Ca_L1,Zn_L1,Sn_L1,C_LF,S_LF,P_LF,Si_LF,Cr_LF,Ni_LF,Cu_LF,Mn_LF,Mo_LF,Al_LF,Ca_LF,Zn_LF,Sn_LF
10002,60.054,53.2,88.586938422,50780,15894,1057,35,845.5723182469111,1972,8,North,Team 1    ,A100BPF   ,3095.0,365,139,0.0,0.0,0.0,0.0,0.0,0.0,15862,63129,21367,2370,0,0,0.0,0.0,0.0,0.0,0.0,2831.0,0.0,0.0,0.0,0.0,516.0,0.0,0.0,0.0,0.0,0.0,0.0,1667.0,0.0,0.0,0.0,0.0,1248.0,4074.0,0.0,0.0,0.0,0.0,2882.0,4678.0,3067,1110.80000,0.05800,0.44700,0.01700,0.00700,0.00400,0.08900,0.05300,0.14500,0.14300,0.04700,0.01000,0.00010,0.00200,0.00800,0.51800,0.01700,0.00700,0.00300,0.09000,0.05300,0.14600,0.14200,0.04600,0.00800,0.00010,0.00200,0.00800
10003,64.3725,54.1,84.0420987222,51451,15179,1127,35,799.2698745582352,1977,1,South,Team 2    ,A100BPF   ,3042.0,368,4022,0.0,0.0,0.0,0.0,0.0,0.0,16515,84341,12656,2273,0,0,0.0,0.0,0.0,0.0,0.0,3578.0,0.0,0.0,0.0,0.0,523.0,0.0,0.0,0.0,0.0,0.0,0.0,1453.0,0.0,0.0,0.0,0.0,1763.0,4070.0,0.0,0.0,0.0,0.0,2096.0,0.0,2992,1325.70000,0.04100,0.31900,0.01300,0.00500,0.00300,0.04600,0.05900,0.11500,0.09300,0.05100,0.00500,0.00010,0.00500,0.00600,0.50000,0.01300,0.00600,0.00400,0.04600,0.06000,0.11400,0.12500,0.05100,0.00400,0.00010,0.00400,0.00600
10004,60.3555,53.4,88.4757809975,50286,15534,969,35,833.1635062256132,2004,9,Middle,Team 2    ,A100BPF   ,3117.0,507,3776,0.0,0.0,0.0,0.0,0.0,0.0,15855,77785,12165,2139,0,0,0.0,0.0,0.0,0.0,0.0,3256.0,0.0,0.0,0.0,0.0,539.0,0.0,0.0,0.0,0.0,0.0,0.0,1254.0,0.0,0.0,0.0,0.0,1210.0,4787.0,0.0,0.0,0.0,0.0,2260.0,0.0,2974,1145.90000,0.04700,0.43000,0.01300,0.00700,0.00200,0.08200,0.04800,0.11600,0.13800,0.05100,0.00500,0.00010,0.00200,0.00600,0.47900,0.01300,0.00700,0.00200,0.08200,0.04700,0.11600,0.13400,0.05000,0.00500,0.00010,0.00200,0.00600
10005,60.025,53.5,89.1295293627,41471,14288,764,35,690.8954602249063,1991,42,North,Team 2    ,A100BPF   ,3041.0,387,3196,0.0,0.0,0.0,0.0,0.0,0.0,16477,77625,12007,1963,0,0,0.0,0.0,0.0,0.0,0.0,2938.0,0.0,0.0,0.0,0.0,525.0,0.0,0.0,0.0,0.0,0.0,0.0,1277.0,0.0,0.0,0.0,0.0,1340.0,4424.0,0.0,0.0,0.0,0.0,1999.0,0.0,3045,1238.20000,0.06000,0.42500,0.01300,0.00700,0.00060,0.08100,0.04600,0.10400,0.15700,0.04800,0.00500,0.00010,0.00086,0.00600,0.49600,0.01300,0.00600,0.00100,0.08000,0.04600,0.10700,0.15000,0.04700,0.00300,0.00010,0.00099,0.00600
10006,60.0105,53.9,89.8176152506,47530,16092,983,28,792.0280617558594,1913,62,South,Team 2    ,A100BPF   ,,320,3733,0.0,0.0,0.0,0.0,0.0,0.0,16178,76831,11988,2182,0,0,0.0,0.0,0.0,0.0,0.0,3256.0,0.0,0.0,0.0,0.0,520.0,0.0,0.0,0.0,0.0,0.0,0.0,1766.0,0.0,0.0,0.0,0.0,1208.0,4839.0,0.0,0.0,0.0,0.0,1773.0,0.0,2971,1065.40000,0.04900,0.45100,0.01200,0.00700,0.00600,0.06000,0.04600,0.10400,0.14000,0.05200,0.01100,0.00200,0.00300,0.00600,0.48400,0.01100,0.00600,0.00300,0.06200,0.04600,0.10200,0.13500,0.05600,0.00600,0.00010,0.00200,0.00600
10007,60.444,53.4,88.3462378399,51641,16541,863,28,854.3610614783931,2011,20,South,Team 2    ,A100BPF   ,3049.0,382,3767,0.0,0.0,0.0,0.0,0.0,0.0,16870,78114,12043,2035,0,0,0.0,0.0,0.0,0.0,0.0,3305.0,0.0,0.0,0.0,0.0,518.0,0.0,0.0,0.0,0.0,0.0,0.0,1205.0,0.0,0.0,0.0,0.0,948.0,4059.0,0.0,0.0,0.0,0.0,2309.0,0.0,2894,1122.30000,0.04800,0.45400,0.01300,0.00600,0.00100,0.05200,0.04800,0.10700,0.12300,0.04300,0.00500,0.00010,0.00200,0.00600,0.45100,0.01300,0.00600,0.00100,0.05300,0.04900,0.10600,0.12100,0.04700,0.00400,0.00010,0.00200,0.00600
10008,60.033,53.5,89.117651958,54010,18001,853,28,899.6718471507337,1970,2,North,Team 2    ,A100BPF   ,3057.0,389,3736,0.0,0.0,0.0,0.0,0.0,0.0,16214,76014,12295,2495,0,0,0.0,0.0,0.0,0.0,0.0,2906.0,0.0,0.0,0.0,0.0,516.0,0.0,0.0,0.0,0.0,0.0,0.0,1482.0,0.0,0.0,0.0,0.0,1266.0,5002.0,0.0,0.0,0.0,0.0,2392.0,0.0,3057,1693.70000,0.04200,0.45800,0.01300,0.00600,0.00300,0.05300,0.04500,0.10400,0.10100,0.04700,0.01600,0.00020,0.00300,0.00600,0.46900,0.01500,0.00600,0.00200,0.05400,0.04800,0.10600,0.12500,0.04700,0.00700,0.00010,0.00200,0.00700
10009,60.2915,53.7,89.0672814575,52243,17132,911,28,866.5068873721835,1978,10,South,Team 3    ,A100BPF   ,,302,3731,0.0,0.0,0.0,0.0,0.0,0.0,15820,74889,16743,1786,0,0,0.0,0.0,0.0,0.0,0.0,2926.0,0.0,0.0,0.0,0.0,529.0,0.0,0.0,0.0,0.0,0.0,0.0,1245.0,0.0,0.0,0.0,0.0,1146.0,3770.0,0.0,0.0,0.0,0.0,2258.0,0.0,3038,1445.00000,0.04700,0.47500,0.01400,0.00600,0.00300,0.05800,0.04500,0.12000,0.10200,0.04500,0.00800,0.00080,0.00300,0.00700,0.46500,0.01200,0.00600,0.00300,0.05800,0.04500,0.11500,0.12200,0.04600,0.00600,0.00010,0.00300,0.00700
10010,58.125,53.3,91.6989247311,50423,16012,1225,28,867.4924731182796,1980,43,North,Team 3    ,A100BPF   ,3074.0,489,3648,0.0,0.0,0.0,0.0,0.0,0.0,16574,67175,17385,1931,0,0,0.0,0.0,0.0,0.0,0.0,2959.0,0.0,0.0,0.0,0.0,522.0,0.0,0.0,0.0,0.0,0.0,0.0,1464.0,0.0,0.0,0.0,0.0,1484.0,4039.0,0.0,0.0,0.0,0.0,3239.0,0.0,3003,1370.10000,0.04700,0.50900,0.01400,0.00700,0.00200,0.06400,0.04700,0.10900,0.12200,0.05500,0.00400,0.00010,0.00500,0.00700,0.49700,0.01400,0.00600,0.00100,0.06300,0.04700,0.10900,0.11400,0.05600,0.00400,0.00010,0.00400,0.00600
10011,58.1275,53.3,91.694980861,46079,14150,1164,28,792.7228936389834,1984,63,South,Team 3    ,A100BPF   ,3050.0,318,3631,0.0,0.0,0.0,0.0,0.0,0.0,16715,67709,17809,2068,0,0,0.0,0.0,0.0,0.0,0.0,3197.0,0.0,0.0,0.0,0.0,525.0,0.0,0.0,0.0,0.0,0.0,0.0,1153.0,0.0,0.0,0.0,0.0,1367.0,4087.0,0.0,0.0,0.0,0.0,2150.0,0.0,3009,1155.20000,0.05100,0.47200,0.01500,0.00700,0.00200,0.06400,0.05300,0.11800,0.11300,0.04600,0.00500,0.00053,0.00600,0.00600,0.46600,0.01300,0.00600,0.00100,0.06300,0.05200,0.12000,0.10500,0.04500,0.00200,0.00010,0.00500,0.00600
10012,58.167,54.2,93.1799817766,49354,16209,1348,28,848.4879742809496,1980,3,South,Team 3    ,A100BPF   ,3061.0,357,3647,0.0,0.0,0.0,0.0,0.0,0.0,16429,66011,19087,1854,0,0,0.0,0.0,0.0,0.0,0.0,2936.0,0.0,0.0,0.0,0.0,527.0,0.0,0.0,0.0,0.0,0.0,0.0,906.0,0.0,0.0,0.0,0.0,1157.0,5101.0,0.0,0.0,0.0,0.0,2853.0,0.0,3006,1264.60000,0.04800,0.39100,0.01300,0.00700,0.00300,0.05500,0.05600,0.11100,0.11700,0.05400,0.00700,0.00037,0.00400,0.00700,0.46400,0.01200,0.00700,0.00300,0.05500,0.05500,0.11200,0.11800,0.05000,0.00600,0.00023,0.00400,0.00700
10013,58.198,52.7,90.5529399635,47414,15454,896,28,814.7015361352624,2035,11,North,Team 3    ,A100BPF   ,2997.0,336,3665,0.0,0.0,0.0,0.0,0.0,0.0,16830,66579,17514,2200,0,0,0.0,0.0,0.0,0.0,0.0,3223.0,0.0,0.0,0.0,0.0,530.0,0.0,0.0,0.0,0.0,0.0,0.0,1372.0,0.0,0.0,0.0,0.0,1621.0,3675.0,0.0,0.0,0.0,0.0,3382.0,0.0,2917,1081.60000,0.04500,,,,,,,,,,,,,,,,,,,,,,,,,,
10014,58.18,51.8,89.0340323135,49433,14585,907,28,849.6562392574768,1978,21,South,Team 3    ,A100BPF   ,3047.0,452,3622,0.0,0.0,0.0,0.0,0.0,0.0,16408,66762,17311,2238,0,0,0.0,0.0,0.0,0.0,0.0,3646.0,0.0,0.0,0.0,0.0,537.0,0.0,0.0,0.0,0.0,0.0,0.0,1323.0,0.0,0.0,0.0,0.0,1816.0,3988.0,0.0,0.0,0.0,0.0,2868.0,0.0,2919,851.70000,0.05300,0.42800,0.01400,0.00600,0.00100,0.05300,0.06600,0.10600,0.11900,0.05500,0.00400,0.00010,0.00300,0.00700,0.48700,0.01300,0.00600,0.00077,0.05800,0.06600,0.10800,0.13400,0.05600,0.00300,0.00010,0.00300,0.00700
10015,64.4755,52.5,81.4262781986,54819,18286,1191,35,850.2299322998659,1977,64,South,Team 1    ,A100BPF   ,,769,3957,1.0,0.0,0.0,1.0,0.0,0.0,16541,78770,17310,2500,0,0,0.0,0.0,0.0,0.0,0.0,3756.0,0.0,0.0,0.0,0.0,527.0,0.0,0.0,0.0,0.0,0.0,0.0,1080.0,0.0,0.0,0.0,0.0,1784.0,4346.0,0.0,0.0,0.0,0.0,2864.0,0.0,3012,1335.10000,0.04300,0.49600,0.01300,0.00600,0.00200,0.05800,0.05100,0.10800,0.09300,0.04800,0.00900,0.00010,0.00500,0.00600,0.49400,0.01200,0.00500,0.00200,0.05900,0.05100,0.10800,0.11600,0.05100,0.00600,0.00010,0.00400,0.00600
10016,60.398,53.2,88.082386834,48077,15920,1060,28,796.003178913209,2002,44,Middle,Team 1    ,A100BPF   ,2996.0,541,3764,0.0,0.0,0.0,1.0,0.0,0.0,18021,71020,16802,2716,0,0,0.0,0.0,0.0,0.0,0.0,2985.0,0.0,0.0,0.0,0.0,522.0,0.0,0.0,0.0,0.0,0.0,0.0,1319.0,0.0,0.0,0.0,0.0,1062.0,4239.0,0.0,0.0,0.0,0.0,2632.0,0.0,2961,1060.40000,0.04700,0.46000,0.01400,0.00600,0.00200,0.06600,0.05900,0.10900,0.10700,0.04400,0.00600,0.00010,0.00500,0.00600,0.52300,0.01300,0.00600,0.00500,0.06800,0.06000,0.10800,0.10900,0.04300,0.00500,0.00010,0.00400,0.00600
10017,60.2515,53.5,88.7944698472,48985,15991,1120,28,813.0088047600475,1960,4,North,Team 1    ,A100BPF   ,3016.0,418,3768,0.0,1.0,1.0,1.0,1.0,1.0,18415,65684,20512,2866,0,0,0.0,0.0,0.0,0.0,0.0,3265.0,0.0,0.0,0.0,0.0,340.0,0.0,0.0,0.0,0.0,0.0,0.0,1084.0,0.0,0.0,0.0,0.0,1777.0,4319.0,0.0,0.0,0.0,0.0,2581.0,0.0,2928,912.90000,0.05300,0.35800,0.01600,0.00600,0.00200,0.07000,0.05300,0.15200,0.13500,0.05400,0.00700,0.00010,0.00400,0.00800,0.45000,0.01700,0.00600,0.00100,0.06800,0.05300,0.15500,0.12400,0.05000,0.00500,0.00010,0.00400,0.00800
10018,55.376,53.0,95.7093325628,47347,15066,992,28,855.0093903496099,2006,22,Middle,Team 1    ,A100BPF   ,3017.0,350,3433,0.0,0.0,0.0,1.0,1.0,1.0,16969,57108,20947,2450,0,0,0.0,0.0,0.0,0.0,0.0,3033.0,0.0,0.0,0.0,0.0,530.0,0.0,0.0,0.0,0.0,0.0,0.0,1686.0,0.0,0.0,0.0,0.0,915.0,4350.0,0.0,0.0,0.0,0.0,3294.0,0.0,2963,954.60000,0.05100,0.34300,0.01500,0.00600,0.00200,0.05600,0.05700,0.14500,0.11100,0.05400,0.00700,0.00010,0.00300,0.00600,0.43200,0.01400,0.00500,0.00200,0.05900,0.05800,0.15000,0.11400,0.05000,0.00400,0.00010,0.00300,0.00600
10019,64.014,53.7,83.8878995219,53164,15512,1229,35,830.5058268503765,1976,12,South,Team 2    ,A100BPF   ,,729,3985,0.0,0.0,0.0,1.0,1.0,1.0,16717,73901,17957,1785,3168,0,0.0,0.0,0.0,0.0,0.0,2932.0,0.0,0.0,0.0,0.0,536.0,0.0,0.0,0.0,0.0,0.0,0.0,1550.0,0.0,0.0,0.0,0.0,1400.0,4623.0,0.0,0.0,0.0,0.0,3995.0,0.0,3067,1518.10000,0.04000,0.39500,0.01400,0.00500,0.00063,0.05500,0.04800,0.10800,0.11600,0.07700,0.00600,0.00010,0.00400,0.00500,0.44200,0.01300,0.00500,0.00100,0.05600,0.04900,0.11100,0.11200,0.06900,0.00400,0.00010,0.00300,0.00500
10020,60.062,53.6,89.2411175119,52689,16830,1031,28,877.2435150344644,2003,5,Middle,Team 2    ,A100BPF   ,3073.0,303,3777,0.0,0.0,0.0,1.0,1.0,1.0,17853,66808,17028,2071,3254,0,0.0,0.0,0.0,0.0,0.0,3450.0,0.0,0.0,0.0,0.0,543.0,0.0,0.0,0.0,0.0,0.0,0.0,1016.0,0.0,0.0,0.0,0.0,1225.0,4676.0,0.0,0.0,0.0,0.0,2743.0,0.0,2897,915.70000,0.05500,0.38000,0.01300,0.00600,0.00100,0.08900,0.05900,0.12500,0.13000,0.06700,0.00400,0.00010,0.00300,0.00500,0.47100,0.01300,0.00500,0.00100,0.08600,0.05800,0.12300,0.12300,0.07100,0.00500,0.00010,0.00200,0.00500
10021,60.087,53.4,88.8711368515,54053,17599,1024,28,899.5789438647295,1963,45,North,Team 2    ,A100BPF   ,3087.0,504,3730,0.0,0.0,0.0,1.0,1.0,1.0,15825,69659,17015,2605,4084,0,0.0,0.0,0.0,0.0,0.0,2860.0,0.0,0.0,0.0,0.0,532.0,0.0,0.0,0.0,0.0,0.0,0.0,827.0,0.0,0.0,0.0,0.0,1012.0,4266.0,0.0,0.0,0.0,0.0,2021.0,0.0,2897,1268.70000,0.04600,0.37600,0.01500,0.00600,0.00300,0.07500,0.05800,0.12800,0.12600,0.06200,0.00600,0.00300,0.00300,0.00600,0.48800,0.01400,0.00600,0.00300,0.07500,0.05800,0.12800,0.12100,0.06500,0.00500,0.00064,0.00200,0.00600
10022,60.4675,53.5,88.4772811841,50105,16192,793,35,828.6269483606897,2003,23,Middle,Team 2    ,A100BPF   ,3065.0,402,3742,0.0,0.0,0.0,1.0,1.0,1.0,16220,69826,17140,2271,3188,0,0.0,0.0,0.0,0.0,0.0,3073.0,0.0,0.0,0.0,0.0,551.0,0.0,0.0,0.0,0.0,0.0,0.0,1023.0,0.0,0.0,0.0,0.0,1512.0,3785.0,0.0,0.0,0.0,0.0,2897.0,0.0,2967,1292.50000,0.04300,0.36100,0.01200,0.00500,0.00200,0.05600,0.05700,0.12200,0.11000,0.04900,0.00400,0.00010,0.00300,0.00700,0.47700,0.01200,0.00600,0.00300,0.05600,0.05600,0.12000,0.10700,0.05200,0.00500,0.00037,0.00200,0.00500
10023,60.042,53.8,89.6039439059,46708,15455,887,35,777.9221211818393,2023,13,Middle,Team 2    ,A100BPF   ,,503,3765,0.0,0.0,0.0,1.0,1.0,1.0,16415,68577,16719,2293,2943,0,0.0,0.0,0.0,0.0,0.0,3536.0,0.0,0.0,0.0,0.0,522.0,0.0,0.0,0.0,0.0,0.0,0.0,1325.0,0.0,0.0,0.0,0.0,1334.0,4709.0,0.0,0.0,0.0,0.0,2233.0,0.0,2933,1011.20000,0.04900,0.38100,0.01500,0.00500,0.00300,0.05300,0.04700,0.10400,0.12700,0.05400,0.00600,0.00036,0.00400,0.00500,0.48900,0.01300,0.00500,0.00300,0.05200,0.04800,0.10600,0.12100,0.05200,0.00500,0.00100,0.00300,0.00600
10024,60.1845,54.1,89.8902541352,51610,16135,986,35,857.5297626465286,327,6,North,Team 2    ,A100BPF   ,3071.0,593,3735,0.0,0.0,0.0,1.0,1.0,1.0,16487,78971,7950,1880,3005,0,0.0,0.0,0.0,0.0,0.0,3708.0,0.0,0.0,0.0,0.0,516.0,0.0,0.0,0.0,0.0,0.0,0.0,1497.0,0.0,0.0,0.0,0.0,884.0,4140.0,0.0,0.0,0.0,0.0,1847.0,0.0,3013,1276.90000,0.04500,0.37800,0.01200,0.00500,0.00200,0.04900,0.04700,0.12500,0.12200,0.05500,0.00500,0.00047,0.00200,0.00500,0.47500,0.01200,0.00500,0.00200,0.05000,0.04700,0.12400,0.12000,0.05500,0.00400,0.00010,0.00200,0.00500
10025,64.3555,53.5,83.1319778418,60463,17684,1197,35,939.5156591122746,1524,24,Middle,Team 3    ,A100B     ,,775,3829,0.0,0.0,0.0,1.0,1.0,1.0,0,58762,0,3931,2068,0,0.0,0.0,0.0,0.0,0.0,0.0,0.0,0.0,0.0,1633.0,509.0,0.0,0.0,24748.0,26100.0,0.0,9985.0,0.0,0.0,0.0,0.0,0.0,0.0,0.0,0.0,249.0,0.0,0.0,1484.0,0.0,2998,1510.00000,0.03700,0.36700,0.01100,0.00400,0.00100,0.02800,0.02400,0.05500,0.08000,0.03200,0.00500,0.00043,0.00100,0.01600,0.44800,0.01000,0.00400,0.00200,0.02900,0.02400,0.05500,0.07900,0.03300,0.00500,0.00016,0.00100,0.01600
10026,60.146,53.8,89.4490074152,52224,16729,1030,28,868.287167891464,2000,45,Middle,Team 3    ,A100B     ,3046.0,628,3728,0.0,0.0,0.0,1.0,1.0,1.0,0,51771,0,4050,1984,0,0.0,0.0,0.0,0.0,0.0,0.0,0.0,0.0,0.0,0.0,510.0,0.0,0.0,24660.0,26588.0,0.0,10236.0,0.0,0.0,0.0,0.0,0.0,0.0,0.0,0.0,223.0,0.0,0.0,1003.0,0.0,2892,1271.40000,0.04000,0.32600,0.01100,0.00400,0.00300,0.03000,0.02600,0.06000,0.09500,0.02500,0.00600,0.00010,0.00200,0.01700,0.53400,0.01100,0.00400,0.00500,0.03200,0.02600,0.06000,0.09700,0.02600,0.00600,0.00200,0.00300,0.01800
10027,59.9335,53.3,88.9318995219,54540,17253,1293,28,910.0085928570833,1953,14,South,Team 3    ,A100B     ,3065.0,634,3723,0.0,0.0,0.0,1.0,1.0,1.0,0,49163,0,4149,1901,0,0.0,0.0,0.0,0.0,0.0,0.0,0.0,0.0,0.0,1349.0,487.0,0.0,0.0,24530.0,27428.0,0.0,10236.0,0.0,0.0,0.0,0.0,0.0,0.0,0.0,0.0,300.0,0.0,0.0,1111.0,0.0,2890,1012.50000,0.04100,0.36300,0.01100,0.00500,0.00200,0.04100,0.02700,0.05800,0.10600,0.03200,0.00600,0.00032,0.00200,0.02400,0.46400,0.01100,0.00400,0.00200,0.04100,0.02600,0.06000,0.10100,0.03100,0.00400,0.00020,0.00100,0.02300
10028,60.387,53.4,88.4296288936,47493,16115,1336,35,786.4772219186249,2034,7,Middle,Team 3    ,A100BPF   ,,307,3755,0.0,0.0,0.0,1.0,1.0,1.0,18238,66313,18494,2914,3213,0,0.0,0.0,0.0,0.0,0.0,3292.0,0.0,0.0,0.0,0.0,513.0,0.0,0.0,0.0,0.0,0.0,0.0,937.0,0.0,0.0,0.0,0.0,1015.0,4177.0,0.0,0.0,0.0,0.0,2181.0,0.0,2933,889.30000,0.05300,0.38800,0.01300,0.00700,0.00400,0.05400,0.04800,0.09900,0.11000,0.05500,0.00700,0.00017,0.00300,0.00900,0.50600,0.01400,0.00700,0.00300,0.05500,0.04900,0.10000,0.13300,0.04800,0.00300,0.00010,0.00300,0.01000
10029,62.409,54.0,86.5259818295,46894,17722,903,35,751.3980355397459,1972,25,South,Team 3    ,50HP      ,3021.0,467,3898,0.0,0.0,0.0,1.0,1.0,1.0,16567,73767,0,0,0,0,0.0,7734.0,1986.0,7412.0,0.0,1717.0,0.0,0.0,0.0,3170.0,527.0,0.0,0.0,0.0,0.0,0.0,0.0,0.0,520.0,4729.0,0.0,0.0,0.0,2890.0,0.0,0.0,0.0,1665.0,2661.0,0.0,2955,1237.90000,0.04200,0.42300,0.01300,0.00500,0.00300,0.04100,0.04500,0.09700,0.09900,0.43700,0.00500,0.00064,0.00300,0.00500,0.52800,0.01400,0.00500,0.00300,0.04100,0.04500,0.09900,0.18600,0.54400,0.00300,0.00010,0.00300,0.00600
10030,59.6235,54.1,90.736035288,49368,18108,1286,28,827.9956728471157,1879,46,North,Team 3    ,50HP      ,,518,4077,0.0,0.0,0.0,1.0,1.0,1.0,16052,69039,0,0,0,0,0.0,8205.0,2701.0,7396.0,0.0,1314.0,0.0,0.0,0.0,2961.0,511.0,0.0,0.0,0.0,0.0,0.0,0.0,0.0,420.0,5017.0,0.0,0.0,0.0,2780.0,0.0,0.0,0.0,1510.0,1852.0,0.0,2893,721.40000,0.05800,0.41000,0.01300,0.00400,0.00600,0.04100,0.04200,0.08900,0.10700,0.47200,0.00600,0.00010,0.00200,0.00500,0.50700,0.01400,0.00400,0.00600,0.04100,0.04100,0.09100,0.18300,0.54100,0.00500,0.00010,0.00200,0.00500
10031,59.2855,53.6,90.4099653372,43829,16862,739,28,739.2870094711186,1719,65,South,Team 3    ,50HP      ,3006.0,403,3702,0.0,0.0,0.0,1.0,1.0,1.0,16688,66260,0,0,0,0,0.0,8909.0,2453.0,7443.0,0.0,1480.0,0.0,0.0,0.0,3309.0,511.0,0.0,0.0,0.0,0.0,0.0,0.0,0.0,420.0,5075.0,0.0,0.0,0.0,2793.0,0.0,0.0,0.0,1957.0,1784.0,0.0,2953,1284.70000,0.04100,0.42900,0.01300,0.00400,0.00300,0.03500,0.03800,0.08000,0.09600,0.48800,0.00400,0.00010,0.00400,0.00500,0.48100,0.01300,0.00400,0.00200,0.03500,0.03700,0.08000,0.17200,0.54800,0.00400,0.00010,0.00400,0.00500
10032,58.433,52.7,90.1887631988,46265,15015,877,28,791.7615046292335,2012,8,Middle,Team 3    ,50HP      ,3091.0,403,3636,0.0,0.0,0.0,1.0,1.0,1.0,17022,66293,0,0,0,0,0.0,8312.0,2207.0,7540.0,0.0,1555.0,0.0,0.0,0.0,3062.0,525.0,0.0,0.0,0.0,0.0,0.0,0.0,0.0,420.0,4927.0,0.0,0.0,0.0,2482.0,0.0,0.0,0.0,1618.0,1428.0,0.0,2915,1036.70000,0.04300,0.35500,0.01200,0.00500,0.00400,0.03500,0.03800,0.07900,0.09800,0.48200,0.00900,0.00010,0.00300,0.00400,0.53500,0.01300,0.00500,0.00600,0.03700,0.03900,0.08200,0.19100,0.56800,0.00600,0.00010,0.00300,0.00500
10033,55.3475,53.1,95.9392926509,44951,14794,906,28,812.159537467817,1996,15,North,Team 3    ,50HP      ,3017.0,455,3439,0.0,0.0,0.0,1.0,1.0,1.0,16953,58159,0,0,0,0,0.0,7976.0,2436.0,7679.0,0.0,1646.0,0.0,0.0,0.0,2983.0,532.0,0.0,0.0,0.0,0.0,0.0,0.0,0.0,380.0,6217.0,0.0,0.0,0.0,2654.0,0.0,0.0,0.0,1480.0,2132.0,0.0,2937,1234.40000,0.04000,0.46000,0.01300,0.00400,0.00400,0.03200,0.04100,0.08900,0.08200,0.50900,0.00500,0.00010,0.00500,0.00600,0.50800,0.01200,0.00300,0.00200,0.02900,0.04000,0.08600,0.17900,0.53000,0.00400,0.00010,0.00300,0.00600
10034,50.212,50.2,99.9761013303,42092,14274,867,28,838.2856687644387,1988,28,South,Team 1    ,50HP      ,3029.0,1255,3114,0.0,0.0,0.0,1.0,1.0,1.0,15890,50299,0,0,0,0,0.0,8338.0,2255.0,7242.0,0.0,1430.0,0.0,0.0,0.0,3106.0,262.0,0.0,0.0,0.0,0.0,0.0,0.0,0.0,340.0,5443.0,0.0,0.0,0.0,2906.0,0.0,0.0,0.0,1722.0,1453.0,0.0,3045,1062.20000,0.05100,0.46900,0.01600,0.00600,0.00200,0.05800,0.04300,0.08500,0.21200,0.50700,0.00300,0.00010,0.00089,0.00500,0.50400,0.01600,0.00500,0.00200,0.06000,0.04200,0.08400,0.21800,0.56500,0.00400,0.00010,0.00076,0.00500
10035,64.434,53.6,83.1858956451,57157,13990,1305,35,887.0627308563802,1943,47,Middle,Team 2    ,A100DH    ,3050.0,553,3942,0.0,0.0,0.0,1.0,1.0,1.0,0,0,10038,4995,0,0,30280.0,0.0,0.0,0.0,0.0,17767.0,0.0,0.0,0.0,0.0,250.0,0.0,26285.0,0.0,0.0,0.0,0.0,4852.0,0.0,4744.0,5153.0,0.0,1168.0,0.0,0.0,0.0,0.0,0.0,0.0,23586.0,2903,1086.70000,0.04200,0.32200,0.02700,0.00500,0.00400,0.05400,0.10100,0.24200,0.09700,0.14000,0.00900,0.00100,0.00300,0.00800,0.49200,0.02400,0.00600,0.00500,0.05600,0.10000,0.24400,0.09800,0.13600,0.00600,0.00093,0.00200,0.00800
10036,60.4155,50.5,83.5878210061,59763,17952,985,28,989.1997914442486,1978,9,South,Team 2    ,A100DH    ,3036.0,298,3750,0.0,0.0,0.0,1.0,1.0,1.0,0,0,3150,4903,0,0,29554.0,0.0,0.0,0.0,0.0,17181.0,0.0,0.0,0.0,0.0,475.0,0.0,24206.0,0.0,0.0,0.0,0.0,5721.0,0.0,5580.0,5136.0,0.0,1072.0,0.0,0.0,0.0,0.0,0.0,0.0,24328.0,2922,1199.80000,0.04200,0.23900,0.02800,0.00500,0.00300,0.04900,0.09600,0.25900,0.08500,0.12700,0.00600,0.00300,0.00200,0.00800,0.47000,0.02400,0.00500,0.00300,0.05200,0.09600,0.25900,0.09200,0.13100,0.00500,0.00072,0.00100,0.00800
10037,62.4435,51.1,81.833977916,62375,17845,1014,35,998.9030083195208,2000,16,North,Team 2    ,A100DH    ,3051.0,300,3911,1.0,1.0,0.0,2.0,2.0,1.0,0,0,10068,5794,0,0,31259.0,0.0,0.0,0.0,0.0,16475.0,0.0,0.0,0.0,0.0,494.0,0.0,18722.0,0.0,0.0,0.0,0.0,5236.0,0.0,4676.0,6480.0,0.0,1766.0,0.0,0.0,0.0,0.0,0.0,0.0,24411.0,2955,1256.10000,0.04000,0.33900,0.02500,0.00500,0.00200,0.05600,0.10400,0.24700,0.07800,0.14000,0.00400,0.00029,0.00200,0.00900,0.47400,0.02400,0.00500,0.00300,0.06300,0.10400,0.24600,0.08900,0.13800,0.00300,0.00010,0.00200,0.00900
10038,62.107,54.0,86.9467209815,55111,17681,938,35,887.3556925950376,2034,66,Middle,Team 2    ,A100BPF   ,2995.0,412,3902,0.0,0.0,0.0,2.0,2.0,1.0,15779,72717,17663,1925,2994,0,0.0,0.0,0.0,0.0,0.0,3721.0,0.0,0.0,0.0,0.0,517.0,0.0,0.0,0.0,0.0,0.0,0.0,1621.0,0.0,0.0,0.0,0.0,1119.0,4118.0,0.0,0.0,0.0,0.0,2557.0,0.0,2889,866.40000,0.06200,0.41100,0.01400,0.00500,0.00200,0.05300,0.05000,0.11900,0.10700,0.05300,0.00400,0.00021,0.00100,0.00500,0.43800,0.01300,0.00500,0.00300,0.05300,0.04900,0.11800,0.10500,0.05300,0.00500,0.00100,0.00100,0.00400
10039,63.8175,53.2,83.3627139891,56426,17623,1017,35,884.1775375093039,1981,27,South,Team 2    ,A100B     ,,838,3979,0.0,0.0,0.0,2.0,2.0,1.0,0,55965,0,3834,2861,0,0.0,0.0,0.0,0.0,0.0,0.0,0.0,0.0,0.0,1131.0,517.0,0.0,0.0,24559.0,27453.0,0.0,10675.0,0.0,0.0,0.0,0.0,0.0,0.0,0.0,0.0,365.0,0.0,0.0,1157.0,0.0,3064,1556.60000,0.04000,,,,,,,,,,,,,,,,,,,,,,,,,,
10040,61.919,54.9,88.6642226134,48751,15870,843,35,787.3350667807943,1971,48,North,Team 2    ,A100B     ,3008.0,390,3835,0.0,0.0,1.0,2.0,2.0,2.0,0,52601,0,3758,2440,0,0.0,0.0,0.0,0.0,0.0,0.0,0.0,0.0,0.0,1281.0,507.0,0.0,0.0,23812.0,28388.0,0.0,10225.0,0.0,0.0,0.0,0.0,0.0,0.0,0.0,0.0,350.0,0.0,0.0,1333.0,0.0,2972,1331.00000,0.03900,0.40700,0.01000,0.00400,0.00400,0.02800,0.02200,0.05000,0.09200,0.03700,0.01400,0.00034,0.00400,0.02000,0.40300,0.00900,0.00400,0.00600,0.02800,0.02200,0.05000,0.09000,0.03500,0.01000,0.00033,0.00400,0.02000
10041,60.0755,53.6,89.2210634951,48352,15681,873,28,804.8538921856664,2008,10,Middle,Team 2    ,A100B     ,3048.0,603,3744,0.0,0.0,0.0,2.0,2.0,2.0,0,50503,0,4030,2569,0,0.0,0.0,0.0,0.0,0.0,0.0,0.0,0.0,0.0,1177.0,503.0,0.0,0.0,24165.0,25829.0,0.0,10586.0,0.0,0.0,0.0,0.0,0.0,0.0,0.0,0.0,357.0,0.0,0.0,1292.0,0.0,2948,1024.00000,0.04900,0.45400,0.01100,0.00500,0.00200,0.03500,0.02000,0.05000,0.11300,0.03000,0.00400,0.00010,0.00200,0.01800,0.46400,0.01100,0.00500,0.00400,0.03400,0.01900,0.04900,0.10700,0.03100,0.00400,0.00076,0.00200,0.01800
10042,60.0425,52.2,86.9384186201,51147,15318,952,28,851.8466086522047,1982,17,South,Team 3    ,A100BPF   ,3036.0,364,3298,0.0,0.0,0.0,2.0,2.0,2.0,18456,63665,20029,3036,3087,0,0.0,0.0,0.0,0.0,0.0,3078.0,0.0,0.0,0.0,0.0,491.0,0.0,0.0,0.0,0.0,0.0,0.0,1047.0,0.0,0.0,0.0,0.0,1567.0,4222.0,0.0,0.0,0.0,0.0,1898.0,0.0,2961,825.80000,0.06700,0.41600,0.01200,0.00500,0.00200,0.04000,0.04100,0.09900,0.09900,0.05500,0.00800,0.00010,0.00100,0.00600,0.42600,0.01200,0.00500,0.00200,0.04300,0.04300,0.10200,0.11600,0.04800,0.00300,0.00010,0.00083,0.00700
10043,60.125,54.0,89.8128898128,48532,15954,493,28,807.1850311850312,1824,27,Middle,Team 3    ,A100BPF   ,,1098,3738,0.0,0.0,0.0,2.0,2.0,2.0,17522,64377,20088,1898,3148,0,0.0,0.0,0.0,0.0,0.0,2884.0,0.0,0.0,0.0,0.0,520.0,0.0,0.0,0.0,0.0,0.0,0.0,1233.0,0.0,0.0,0.0,0.0,1275.0,4565.0,0.0,0.0,0.0,0.0,3260.0,0.0,3103,1648.80000,0.04200,0.46800,0.01100,0.00600,0.00300,0.04600,0.04700,0.11400,0.13500,0.05100,0.00600,0.00056,0.00200,0.00500,0.46500,0.01100,0.00700,0.00200,0.04500,0.04800,0.11500,0.13500,0.04700,0.00400,0.00016,0.00200,0.00600
10044,60.057,54.3,90.4141065987,46975,15627,715,28,782.1736017450089,1976,48,South,Team 3    ,A100BPF   ,3034.0,481,3737,0.0,0.0,0.0,2.0,2.0,2.0,15694,66216,20070,1481,3472,0,0.0,0.0,0.0,0.0,0.0,3724.0,0.0,0.0,0.0,0.0,484.0,0.0,0.0,0.0,0.0,0.0,0.0,737.0,0.0,0.0,0.0,0.0,1526.0,4249.0,0.0,0.0,0.0,0.0,2945.0,0.0,3016,1074.20000,0.05200,0.40800,0.01100,0.00500,0.00300,0.05000,0.04400,0.11900,0.14500,0.05800,0.01100,0.00011,0.00300,0.00500,0.50800,0.01300,0.00600,0.00300,0.05500,0.04800,0.12000,0.15700,0.05400,0.00700,0.00010,0.00300,0.00600
10045,60.0965,54.4,90.5210785985,45353,15288,304,28,754.6695731032589,2091,11,Middle,Team 3    ,A100BPF   ,3017.0,227,3763,0.0,0.0,0.0,2.0,2.0,2.0,18364,63288,21270,1927,3197,0,0.0,0.0,0.0,0.0,0.0,3380.0,0.0,0.0,0.0,0.0,509.0,0.0,0.0,0.0,0.0,0.0,0.0,1203.0,0.0,0.0,0.0,0.0,1047.0,4649.0,0.0,0.0,0.0,0.0,1868.0,0.0,2989,935.40000,0.06300,0.46400,0.01200,0.00500,0.00300,0.04600,0.04800,0.12300,0.12000,0.06000,0.01000,0.00010,0.00900,0.00600,0.50900,0.01300,0.00500,0.00200,0.04600,0.05000,0.12800,0.11600,0.05700,0.00600,0.00010,0.00900,0.00600
10046,60.1605,53.8,89.4274482426,47614,15816,559,28,791.4495391494419,1980,18,South,Team 3    ,A100BPF   ,3051.0,550,3754,0.0,0.0,0.0,2.0,2.0,2.0,16263,66707,20470,2026,3199,0,0.0,0.0,0.0,0.0,0.0,2780.0,0.0,0.0,0.0,0.0,494.0,0.0,0.0,0.0,0.0,0.0,0.0,1197.0,0.0,0.0,0.0,0.0,1268.0,4074.0,0.0,0.0,0.0,0.0,2337.0,0.0,2939,868.10000,0.05500,0.51700,0.01400,0.00500,0.00100,0.04800,0.04900,0.11400,0.13700,0.05300,0.00500,0.00010,0.00200,0.00600,0.49800,0.01300,0.00500,0.00100,0.04700,0.04800,0.11400,0.13400,0.05300,0.00600,0.00010,0.00200,0.00600
10047,60.385,54.2,89.7573900803,48963,15919,735,28,810.8470646683779,2002,28,Middle,Team 1    ,A100BPF   ,3066.0,500,3787,0.0,0.0,0.0,2.0,2.0,2.0,15809,65922,23189,1782,3293,0,0.0,0.0,0.0,0.0,0.0,2945.0,0.0,0.0,0.0,0.0,486.0,0.0,0.0,0.0,0.0,0.0,0.0,1039.0,0.0,0.0,0.0,0.0,1147.0,4136.0,0.0,0.0,0.0,0.0,1508.0,0.0,3004,1108.80000,0.05400,0.47800,0.01400,0.00700,0.00096,0.06000,0.05400,0.12800,0.17000,0.05200,0.00800,0.00010,0.00100,0.00700,0.49200,0.01400,0.00700,0.00021,0.05900,0.05300,0.12800,0.16300,0.05300,0.00400,0.00010,0.00100,0.00700
10048,55.007,53.5,97.2603486828,45895,15067,523,28,834.3483556638247,1980,49,South,Team 1    ,A100BPF   ,,325,3453,0.0,0.0,0.0,2.0,2.0,2.0,16459,52713,22798,2015,3940,0,0.0,0.0,0.0,0.0,0.0,3168.0,0.0,0.0,0.0,0.0,489.0,0.0,0.0,0.0,0.0,0.0,0.0,1175.0,0.0,0.0,0.0,0.0,1201.0,4118.0,0.0,0.0,0.0,0.0,2427.0,0.0,2943,1220.50000,0.04700,0.28300,0.01400,0.00600,0.00300,0.04300,0.05300,0.14000,0.10900,0.05500,0.00800,0.00010,0.00400,0.00600,0.54200,0.01300,0.00600,0.00400,0.04500,0.05200,0.14000,0.10900,0.05300,0.00500,0.00010,0.00300,0.00600
10049,50.0135,48.1,96.174033011,44498,13659,441,28,889.7197756605716,2010,12,Middle,Team 1    ,A100BPF   ,3013.0,1015,3110,0.0,0.0,0.0,2.0,2.0,2.0,16945,42052,22713,2178,3119,0,0.0,0.0,0.0,0.0,0.0,2894.0,0.0,0.0,0.0,0.0,254.0,0.0,0.0,0.0,0.0,0.0,0.0,1246.0,0.0,0.0,0.0,0.0,1671.0,4694.0,0.0,0.0,0.0,0.0,2515.0,0.0,3002,1031.70000,0.05300,0.31000,0.01300,0.00500,0.00300,0.05700,0.05500,0.14300,0.16300,0.06000,0.00400,0.00010,0.00073,0.00700,0.46200,0.01400,0.00500,0.00200,0.05900,0.05500,0.14500,0.16800,0.05800,0.00500,0.00036,0.00048,0.00700
10050,62.014,53.2,85.7870803366,56795,15085,1287,34,915.8415841584158,1980,50,South,Team 2    ,A100      ,3049.0,1373,3500,0.0,0.0,0.0,2.0,2.0,2.0,0,26096,27658,0,0,0,17432.0,19749.0,0.0,0.0,0.0,6078.0,0.0,0.0,0.0,0.0,218.0,0.0,20094.0,0.0,0.0,0.0,0.0,0.0,0.0,0.0,0.0,0.0,0.0,4963.0,0.0,0.0,0.0,0.0,1958.0,0.0,2948,1192.90000,0.04600,0.43700,0.01600,0.00900,0.00072,0.08800,0.06800,0.19400,0.24200,0.06100,0.00600,0.00010,0.00300,0.00700,0.50700,0.01600,0.00700,0.00079,0.09000,0.06700,0.21200,0.23300,0.05500,0.00400,0.00010,0.00200,0.00700
10051,62.047,53.1,85.5802859122,51635,16127,934,35,832.1917256273471,1986,19,Middle,Team 2    ,A100BPF   ,,343,3500,0.0,0.0,0.0,2.0,2.0,2.0,16652,66964,22879,1870,2956,0,0.0,0.0,0.0,0.0,0.0,3591.0,0.0,0.0,0.0,0.0,469.0,0.0,0.0,0.0,0.0,0.0,0.0,985.0,0.0,0.0,0.0,0.0,1014.0,4515.0,0.0,0.0,0.0,0.0,2668.0,0.0,2966,1436.60000,0.04900,0.31500,0.01300,0.00500,0.00088,0.04800,0.05300,0.13600,0.10800,0.05600,0.00400,0.00010,0.00200,0.00600,0.45700,0.01300,0.00500,0.00020,0.04700,0.05100,0.14000,0.10600,0.05400,0.00500,0.00010,0.00200,0.00600
10052,63.847,53.3,83.4808213385,54702,17133,1050,35,856.7669585101884,1992,29,North,Team 2    ,A100B     ,3015.0,483,3458,0.0,0.0,0.0,2.0,2.0,2.0,0,57562,0,4465,2068,0,0.0,0.0,0.0,0.0,0.0,0.0,0.0,0.0,0.0,1303.0,474.0,0.0,0.0,23809.0,26505.0,0.0,10161.0,0.0,0.0,0.0,0.0,0.0,0.0,0.0,0.0,357.0,0.0,0.0,1821.0,0.0,2956,1388.70000,0.03900,0.37800,0.01100,0.00400,0.00100,0.02800,0.02700,0.07200,0.08200,0.04100,0.00500,0.00010,0.00200,0.01300,0.46200,0.01100,0.00500,0.00200,0.02900,0.02700,0.07300,0.08100,0.03900,0.00700,0.00300,0.00200,0.01400
10053,59.9985,53.2,88.6688833887,51793,15960,948,35,863.2382476228572,0,51,Atomize,Team 2    ,A100B     ,,606,3510,0.0,0.0,0.0,2.0,2.0,2.0,0,51516,0,3085,2026,0,0.0,0.0,0.0,0.0,0.0,0.0,0.0,0.0,0.0,1007.0,447.0,0.0,0.0,24419.0,25892.0,0.0,9989.0,0.0,0.0,0.0,0.0,0.0,0.0,0.0,0.0,335.0,0.0,0.0,2063.0,0.0,2984,1553.30000,0.03900,,,,,,,,,,,,,,,,,,,,,,,,,,
10054,60.162,53.1,88.2616934277,55169,16822,982,35,917.0074133173764,1966,66,Middle,Team 2    ,A100B     ,3058.0,902,3560,0.0,0.0,0.0,2.0,2.0,2.0,0,47336,0,0,2542,0,0.0,0.0,0.0,0.0,0.0,0.0,0.0,0.0,0.0,1387.0,470.0,0.0,0.0,25020.0,27941.0,0.0,10681.0,0.0,0.0,0.0,0.0,0.0,0.0,0.0,0.0,300.0,0.0,0.0,5417.0,0.0,2937,1687.00000,0.03500,0.35400,0.01200,0.00500,0.00300,0.02400,0.02000,0.04000,0.08900,0.02200,0.00500,0.00077,0.00200,0.01900,0.47000,0.01200,0.00500,0.00200,0.02500,0.02000,0.04000,0.08600,0.02400,0.00600,0.00100,0.00200,0.01900
10055,60.454,53.2,88.0007939921,52107,16270,956,35,861.9280775465643,2006,20,Middle,Team 3    ,A100BPF   ,3070.0,299,3599,0.0,0.0,0.0,2.0,2.0,2.0,17302,61785,22738,3000,3273,0,0.0,0.0,0.0,0.0,0.0,3212.0,0.0,0.0,0.0,0.0,464.0,0.0,0.0,0.0,0.0,0.0,0.0,1345.0,0.0,0.0,0.0,0.0,1624.0,4347.0,0.0,0.0,0.0,0.0,2282.0,0.0,2939,1229.80000,0.04500,0.36600,0.01500,0.00600,0.00100,0.05000,0.05800,0.12400,0.10400,0.05000,0.00500,0.00015,0.00200,0.00800,0.46200,0.01500,0.00800,0.00100,0.05000,0.05900,0.12200,0.12200,0.04700,0.00400,0.00028,0.00200,0.00800
10056,62.6255,53.1,84.7897421976,52345,17299,1036,35,835.841630006946,2002,52,Middle,Team 3    ,85HP      ,,451,3522,0.0,0.0,0.0,2.0,2.0,2.0,16469,71985,0,0,0,0,0.0,8661.0,3309.0,10357.0,0.0,1327.0,0.0,0.0,0.0,3232.0,449.0,0.0,0.0,0.0,0.0,0.0,0.0,0.0,900.0,3289.0,0.0,0.0,0.0,2540.0,0.0,0.0,0.0,1612.0,1570.0,0.0,2940,1568.90000,0.03500,0.38800,0.01500,0.00500,0.00300,0.02900,0.03800,0.09400,0.07600,0.78300,0.00400,0.00010,0.00400,0.00600,0.46000,0.01500,0.00500,0.00500,0.03000,0.03700,0.09500,0.13100,0.83700,0.00500,0.00019,0.00400,0.00600
10057,60.764,53.3,87.7164110328,51474,16562,942,28,847.1134224211704,1982,30,South,Team 3    ,85HP      ,3044.0,487,3723,0.0,0.0,0.0,2.0,2.0,2.0,16442,67898,0,0,0,0,0.0,8110.0,3085.0,10644.0,0.0,1484.0,0.0,0.0,0.0,3172.0,433.0,0.0,0.0,0.0,0.0,0.0,0.0,0.0,760.0,3203.0,0.0,0.0,0.0,2833.0,0.0,0.0,0.0,1574.0,2323.0,0.0,3027,1722.20000,0.03400,0.35400,0.01500,0.00400,0.00300,0.03700,0.03200,0.08800,0.08800,0.77700,0.00300,0.00011,0.00200,0.00400,0.41900,0.01400,0.00400,0.00400,0.03600,0.03200,0.08700,0.12100,0.86600,0.00500,0.00064,0.00200,0.00800
10058,48.478,46.1,95.0946821238,44063,14132,701,28,908.9277610462477,1872,21,South,Team 3    ,85HP      ,,899,3030,0.0,0.0,1.0,2.0,2.0,3.0,17660,43406,0,0,0,0,0.0,8170.0,3011.0,9815.0,0.0,1563.0,0.0,0.0,0.0,3027.0,270.0,0.0,0.0,0.0,0.0,0.0,0.0,0.0,600.0,3056.0,0.0,0.0,0.0,2725.0,0.0,0.0,0.0,2362.0,1561.0,0.0,2991,1598.60000,0.03600,0.41300,0.01500,0.00500,0.00300,0.03900,0.03300,0.07400,0.13600,0.80400,0.00300,0.00058,0.00100,0.00500,0.44900,0.01500,0.00500,0.00500,0.04000,0.03200,0.07400,0.13100,0.85100,0.00600,0.00200,0.00092,0.00600
10059,62.2215,52.5,84.375979364,53921,17297,961,35,866.5975587216637,1889,13,North,Team 3    ,A100BPF   ,3045.0,378,3747,0.0,0.0,0.0,2.0,2.0,3.0,17581,67269,21799,2364,3208,0,0.0,0.0,0.0,0.0,0.0,3324.0,0.0,0.0,0.0,0.0,500.0,0.0,0.0,0.0,0.0,0.0,0.0,1344.0,0.0,0.0,0.0,0.0,1206.0,4163.0,0.0,0.0,0.0,0.0,2185.0,0.0,3009,1122.90000,0.06000,0.49100,0.01700,0.00700,0.00300,0.05700,0.05000,0.10800,0.13900,0.05700,0.00600,0.01300,0.00200,0.00500,0.48400,0.01600,0.00600,0.00100,0.05800,0.04800,0.10600,0.14400,0.05600,0.00300,0.00010,0.00200,0.00500
10060,64.5035,53.3,82.6311750525,49657,15914,1192,35,769.8341950436798,1978,53,South,Team 3    ,50HP      ,3028.0,526,3837,1.0,1.0,0.0,3.0,3.0,3.0,16803,76222,0,0,0,0,0.0,8395.0,3085.0,10341.0,0.0,1067.0,0.0,0.0,0.0,3362.0,486.0,0.0,0.0,0.0,0.0,0.0,0.0,0.0,460.0,2816.0,0.0,0.0,0.0,2515.0,0.0,0.0,0.0,1501.0,2440.0,0.0,3019,1578.60000,0.04200,0.45200,0.01500,0.00500,0.00400,0.04100,0.03800,0.08300,0.10300,0.48900,0.01200,0.00063,0.00500,0.00500,0.52500,0.01400,0.00500,0.00300,0.04200,0.03800,0.08300,0.18300,0.53700,0.00600,0.00010,0.00500,0.00500
10061,60.294,53.4,88.5660264702,49366,17646,202,28,818.7547683019869,1993,22,Middle,Team 3    ,50HP      ,2992.0,643,3663,0.0,0.0,0.0,3.0,3.0,3.0,15981,69554,0,0,0,0,0.0,8581.0,0.0,10362.0,0.0,1098.0,0.0,3159.0,0.0,3166.0,501.0,0.0,0.0,0.0,0.0,0.0,0.0,0.0,420.0,2817.0,0.0,0.0,0.0,2639.0,0.0,0.0,0.0,1521.0,1290.0,0.0,2982,1453.70000,0.04000,0.46600,0.01100,0.00400,0.00100,0.02400,0.04200,0.08200,0.07300,0.46700,0.00200,0.00010,0.00400,0.00500,0.49400,0.01100,0.00300,0.00200,0.02400,0.04100,0.08200,0.17400,0.56200,0.00300,0.00070,0.00300,0.00500
10062,60.416,53.3,88.2216631355,46249,17702,918,28,765.5091366525425,2006,31,North,Team 3    ,50HP      ,,403,3742,0.0,0.0,0.0,3.0,3.0,3.0,17436,68269,0,0,1343,0,0.0,8049.0,1539.0,9993.0,0.0,1622.0,0.0,0.0,0.0,2943.0,426.0,0.0,0.0,0.0,0.0,0.0,0.0,0.0,420.0,3572.0,0.0,0.0,0.0,2692.0,0.0,0.0,0.0,1737.0,1217.0,0.0,2886,1282.60000,0.04000,0.40900,0.01200,0.00400,0.00100,0.03800,0.03600,0.08000,0.09000,0.46200,0.00500,0.00010,0.00400,0.00400,0.50800,0.01200,0.00400,0.00100,0.03700,0.03600,0.08300,0.17900,0.56500,0.00100,0.00010,0.00300,0.00400
10063,60.415,53.4,88.388645204,50233,18317,956,28,831.465695605396,1986,67,Middle,Team 3    ,50HP      ,3086.0,805,3740,0.0,0.0,0.0,3.0,3.0,3.0,16563,69196,0,0,2864,0,0.0,8208.0,0.0,10547.0,0.0,1250.0,0.0,0.0,0.0,3035.0,482.0,0.0,0.0,0.0,0.0,0.0,0.0,0.0,460.0,2880.0,0.0,0.0,0.0,2652.0,0.0,0.0,0.0,1550.0,1625.0,0.0,2916,969.60000,0.04600,0.44900,0.01200,0.00400,0.00400,0.04000,0.03500,0.07300,0.10200,0.49200,0.00500,0.00055,0.00400,0.00400,0.47200,0.01200,0.00400,0.00300,0.04000,0.03500,0.07200,0.17800,0.56300,0.00400,0.00010,0.00300,0.00400
10064,51.438,52.6,102.2590302888,41078,15639,698,28,798.5924802675065,1987,54,South,Team 2    ,50HP      ,3053.0,1009,3201,0.0,0.0,0.0,3.0,3.0,3.0,16846,49787,0,0,3489,0,0.0,8664.0,0.0,9948.0,0.0,1171.0,0.0,0.0,0.0,3007.0,211.0,0.0,0.0,0.0,0.0,0.0,0.0,0.0,380.0,3388.0,0.0,0.0,0.0,2915.0,0.0,0.0,0.0,1667.0,1614.0,0.0,2936,1192.40000,0.04700,0.46400,0.01400,0.00500,0.00100,0.09600,0.03500,0.07100,0.18500,0.53100,0.00200,0.00067,0.00100,0.00500,0.50700,0.01200,0.00500,0.00300,0.09800,0.03300,0.07000,0.18600,0.55700,0.00200,0.00010,0.00087,0.00400
10065,64.11,53.3,83.1383559507,58421,17956,932,35,911.2618936203401,1986,23,Middle,Team 2    ,A100BPF   ,3092.0,575,3988,0.0,0.0,0.0,3.0,3.0,3.0,16757,64154,22362,2773,5090,0,0.0,0.0,0.0,0.0,0.0,3946.0,0.0,0.0,0.0,0.0,461.0,0.0,0.0,0.0,0.0,0.0,0.0,1045.0,0.0,0.0,0.0,0.0,1554.0,4586.0,0.0,0.0,0.0,0.0,2119.0,3834.0,3022,1391.50000,0.05700,0.43700,0.01300,0.00500,0.00100,0.05800,0.05500,0.12900,0.11000,0.06500,0.00500,0.00010,0.00200,0.00700,0.49000,0.01400,0.00500,0.00200,0.05800,0.05600,0.13000,0.10700,0.06600,0.00300,0.00010,0.00200,0.00800
10066,60.012,48.2,80.3172698793,62233,18330,999,28,1037.009264813704,2086,32,North,Team 2    ,A100DH    ,2996.0,735,3763,0.0,0.0,0.0,3.0,3.0,3.0,0,0,0,4802,0,0,30093.0,0.0,0.0,0.0,0.0,17485.0,0.0,0.0,0.0,0.0,496.0,0.0,25978.0,0.0,0.0,0.0,0.0,5225.0,0.0,4980.0,5216.0,0.0,1412.0,0.0,0.0,0.0,0.0,0.0,0.0,24833.0,2847,1033.70000,0.03600,0.40200,0.02600,0.00400,0.00100,0.04800,0.11800,0.23300,0.07900,0.12000,0.00300,0.00010,0.00200,0.00900,0.46700,0.02300,0.00400,0.00100,0.05400,0.11700,0.23800,0.09100,0.12800,0.00500,0.00010,0.00100,0.00900
10067,64.341,53.3,82.8398688239,53314,16884,870,35,828.6162788890443,1966,14,South,Team 2    ,A100BPF   ,3070.0,431,3918,0.0,0.0,0.0,3.0,3.0,3.0,16012,65083,23276,1997,5068,0,0.0,0.0,0.0,0.0,0.0,3463.0,0.0,0.0,0.0,0.0,485.0,0.0,0.0,0.0,0.0,0.0,0.0,1128.0,0.0,0.0,0.0,0.0,1109.0,4088.0,0.0,0.0,0.0,0.0,2569.0,4889.0,2916,939.60000,0.07300,0.43500,0.01600,0.00500,0.00300,0.04600,0.05300,0.12900,0.09500,0.06000,0.00300,0.00010,0.00200,0.00700,0.45600,0.01700,0.00600,0.00300,0.04600,0.05500,0.12700,0.12300,0.06400,0.00400,0.00010,0.00200,0.00700
10068,60.165,53.1,88.2572924457,57216,17965,784,28,950.9847918224882,1995,24,South,Team 2    ,A100X     ,3064.0,476,3734,0.0,0.0,0.0,3.0,3.0,3.0,0,0,36943,0,3981,0,31378.0,0.0,0.0,0.0,0.0,14282.0,0.0,0.0,0.0,0.0,512.0,0.0,20684.0,0.0,0.0,0.0,0.0,0.0,0.0,0.0,0.0,0.0,9586.0,0.0,0.0,0.0,0.0,0.0,1461.0,2015.0,2877,1123.60000,0.04900,0.45800,0.02300,0.00800,0.00084,0.06600,0.10700,0.24500,0.10500,0.07100,0.00600,0.00010,0.00200,0.00900,0.50100,0.02300,0.00800,0.00200,0.06800,0.10900,0.24100,0.21400,0.07000,0.00400,0.00010,0.00200,0.01000
10069,62.3095,53.1,85.2197497973,59421,18545,1013,28,953.6427029586179,1793,33,South,Team 2    ,A100X     ,3044.0,322,3895,0.0,0.0,0.0,3.0,3.0,3.0,0,0,40197,0,0,0,30670.0,0.0,0.0,0.0,0.0,15533.0,0.0,0.0,0.0,0.0,453.0,0.0,24081.0,0.0,0.0,0.0,0.0,0.0,0.0,0.0,0.0,0.0,9041.0,0.0,0.0,0.0,0.0,0.0,2487.0,2610.0,2928,1195.10000,0.04500,0.39400,0.02400,0.00900,0.00100,0.07300,0.09900,0.25300,0.10600,0.07400,0.00400,0.00010,0.00100,0.00900,0.46400,0.02400,0.00900,0.00090,0.07500,0.09800,0.25000,0.21400,0.07000,0.00300,0.00010,0.00100,0.00900
10070,51.081,48.7,95.33877567,50118,15554,733,28,981.1475891231573,2014,55,North,Team 2    ,A100X     ,2986.0,428,3216,0.0,0.0,0.0,3.0,3.0,3.0,0,0,26713,0,0,0,29893.0,0.0,0.0,0.0,0.0,6953.0,0.0,0.0,0.0,0.0,0.0,0.0,25278.0,0.0,0.0,0.0,0.0,0.0,0.0,0.0,0.0,0.0,8973.0,0.0,0.0,0.0,0.0,0.0,2101.0,2251.0,2912,772.60000,0.06400,0.26900,0.02500,0.01100,0.00078,0.10000,0.07000,0.24000,0.17300,0.05700,0.00500,0.00010,0.00066,0.00900,0.29200,0.02200,0.01100,0.00081,0.10700,0.06900,0.24200,0.19100,0.05000,0.00300,0.00010,0.00068,0.00900
10071,62.273,53.0,85.1091163104,56102,17509,877,35,900.9040836317505,1908,25,North,Team 3    ,A100BPF   ,,502,3869,0.0,0.0,0.0,3.0,3.0,3.0,0,57844,0,4325,2425,0,0.0,0.0,0.0,0.0,0.0,0.0,0.0,0.0,0.0,1239.0,482.0,0.0,0.0,10031.0,36133.0,0.0,10527.0,0.0,0.0,0.0,0.0,0.0,0.0,0.0,0.0,300.0,0.0,0.0,2022.0,0.0,2865,1936.70000,0.03600,0.49900,0.01400,0.00500,0.00100,0.05200,0.02900,0.05500,0.08100,0.02600,0.00400,0.00010,0.00100,0.01300,0.48300,0.01300,0.00500,0.00100,0.05200,0.02900,0.05400,0.11600,0.03000,0.00400,0.00010,0.00093,0.01300
10072,64.3235,53.4,83.0178706071,51485,17633,1010,35,800.4073161441776,2008,68,Middle,Team 3    ,A100C     ,3037.0,721,3587,0.0,0.0,0.0,3.0,3.0,3.0,0,66246,0,2972,7846,0,0.0,0.0,0.0,0.0,0.0,0.0,0.0,0.0,0.0,0.0,400.0,0.0,0.0,25095.0,12068.0,0.0,10097.0,0.0,0.0,0.0,0.0,0.0,0.0,0.0,0.0,308.0,0.0,1854.0,2469.0,0.0,2984,1479.60000,0.03800,0.35100,0.01100,0.00600,0.00088,0.09600,0.03400,0.06000,0.08200,0.03700,0.00400,0.00010,0.00200,0.02200,0.37000,0.00900,0.00600,0.00091,0.09600,0.03400,0.06100,0.08100,0.03600,0.00300,0.00010,0.00100,0.02100
10073,60.0225,53.3,88.8000333208,50049,16674,947,28,833.8373110083719,1999,34,North,Team 3    ,A100C     ,3005.0,289,3712,0.0,0.0,0.0,3.0,3.0,3.0,0,61061,0,2225,7411,0,0.0,0.0,0.0,0.0,0.0,0.0,0.0,0.0,0.0,0.0,383.0,0.0,0.0,25004.0,10856.0,0.0,10231.0,0.0,0.0,0.0,0.0,0.0,0.0,0.0,0.0,301.0,0.0,1485.0,1772.0,0.0,2918,1325.60000,0.04000,0.32700,0.01000,0.00600,0.00038,0.05400,0.02800,0.05400,0.06400,0.04300,0.00300,0.00010,0.00300,0.01800,0.40300,0.00900,0.00600,0.00031,0.05500,0.02800,0.05400,0.06600,0.04400,0.00300,0.00010,0.00300,0.01800
10074,60.145,52.9,87.9541108986,51021,16787,774,28,848.299941807299,1982,14,South,Team 3    ,A100C     ,3024.0,427,3780,0.0,0.0,1.0,3.0,3.0,4.0,0,60003,0,3395,7514,0,0.0,0.0,0.0,0.0,0.0,0.0,0.0,0.0,0.0,0.0,377.0,0.0,0.0,26243.0,10029.0,0.0,10075.0,0.0,0.0,0.0,0.0,0.0,0.0,0.0,0.0,300.0,0.0,1735.0,1296.0,0.0,2945,1360.20000,0.04000,0.30800,0.00900,0.00500,0.00055,0.04200,0.02900,0.09100,0.06100,0.03600,0.00500,0.00010,0.00100,0.02300,0.40200,0.00900,0.00500,0.00200,0.04500,0.03000,0.09300,0.06300,0.03100,0.00300,0.00010,0.00100,0.02400
10075,64.012,53.8,84.046741236,60822,16353,1174,35,950.1655939511342,1982,15,South,Team 1    ,A100C     ,3035.0,783,3967,0.0,0.0,0.0,3.0,3.0,4.0,0,66427,0,2403,7760,0,0.0,0.0,0.0,0.0,0.0,0.0,0.0,0.0,0.0,0.0,368.0,0.0,0.0,24264.0,12484.0,0.0,10138.0,0.0,0.0,0.0,0.0,0.0,0.0,0.0,0.0,301.0,0.0,1169.0,3379.0,0.0,2840,857.60000,0.05000,0.30800,0.00900,0.00400,0.00063,0.06000,0.03600,0.07000,0.05900,0.03500,0.00400,0.00010,0.00100,0.02000,0.38200,0.00900,0.00400,0.00100,0.05800,0.03600,0.06800,0.05500,0.03700,0.00500,0.00010,0.00100,0.02000
10076,60.567,53.2,87.8366106955,49721,16194,931,28,820.9255865405254,2003,26,Middle,Team 1    ,85HP      ,,515,3783,0.0,0.0,0.0,3.0,3.0,4.0,17314,72734,0,0,2665,0,0.0,8527.0,0.0,7011.0,0.0,0.0,0.0,0.0,0.0,3521.0,411.0,0.0,0.0,0.0,0.0,0.0,0.0,0.0,940.0,0.0,0.0,0.0,0.0,2635.0,1177.0,0.0,0.0,1636.0,2974.0,0.0,2952,1312.90000,0.04100,0.34900,0.01100,0.00500,0.00300,0.04800,0.03000,0.07700,0.08400,0.84700,0.00300,0.00010,0.00300,0.00500,0.43300,0.01000,0.00500,0.00300,0.04800,0.03100,0.07600,0.13000,0.86500,0.00200,0.00010,0.00200,0.00500
10077,60.485,53.4,88.286351988,51742,16550,759,28,855.4517649003885,1995,69,North,Team 1    ,85HP      ,3038.0,603,3761,0.0,0.0,0.0,3.0,3.0,4.0,17145,73899,0,0,2850,0,0.0,7994.0,0.0,6940.0,0.0,0.0,0.0,0.0,0.0,3519.0,381.0,0.0,0.0,0.0,0.0,0.0,0.0,0.0,840.0,0.0,0.0,0.0,0.0,2683.0,1040.0,0.0,0.0,1465.0,2595.0,0.0,3040,1678.40000,0.04100,0.29200,0.01200,0.00500,0.00300,0.04100,0.02700,0.07500,0.11600,0.79800,0.00400,0.00038,0.00200,0.00400,0.40100,0.01200,0.00400,0.00300,0.04300,0.02600,0.07600,0.12700,0.87400,0.00500,0.00010,0.00200,0.00500
10078,66.5955,53.0,79.5849569415,52164,18119,893,35,783.2961686600446,1717,56,South,Team 2    ,85HP      ,,760,3955,0.0,0.0,0.0,3.0,3.0,4.0,17762,84907,0,0,2568,0,0.0,8237.0,0.0,6868.0,0.0,0.0,0.0,0.0,0.0,3082.0,379.0,0.0,0.0,0.0,0.0,0.0,0.0,0.0,920.0,0.0,0.0,0.0,0.0,2756.0,1241.0,0.0,0.0,1790.0,3060.0,0.0,2986,1589.00000,0.03900,0.34900,0.01200,0.00500,0.00200,0.04500,0.03200,0.09000,0.10600,0.79100,0.00300,0.00010,0.00100,0.00400,0.40600,0.01200,0.00400,0.00300,0.04600,0.03200,0.08900,0.12600,0.84900,0.00300,0.00010,0.00100,0.00400
10079,62.7795,53.4,85.0596134088,49106,16422,757,35,782.1980104970572,2003,16,Middle,Team 2    ,85HP      ,2986.0,405,3916,0.0,1.0,0.0,3.0,4.0,4.0,15846,79116,0,0,2807,0,0.0,7849.0,0.0,7071.0,0.0,0.0,0.0,0.0,0.0,3353.0,422.0,0.0,0.0,0.0,0.0,0.0,0.0,0.0,840.0,0.0,0.0,0.0,0.0,2630.0,1010.0,0.0,0.0,1450.0,3587.0,0.0,2962,746.20000,0.07400,0.36700,0.01000,0.00500,0.00300,0.04100,0.03400,0.08500,0.09100,0.78600,0.00400,0.00010,0.00400,0.00400,0.37600,0.01000,0.00400,0.00300,0.04100,0.03300,0.08500,0.13200,0.85000,0.00500,0.00010,0.00400,0.00400
10080,60.5545,53.3,88.0198829153,53099,16883,879,35,876.8795052390822,332,27,North,Team 2    ,85HP      ,3025.0,683,3498,0.0,0.0,0.0,3.0,4.0,4.0,18335,71878,0,0,2324,0,0.0,8717.0,0.0,7527.0,0.0,0.0,0.0,0.0,0.0,3205.0,465.0,0.0,0.0,0.0,0.0,0.0,0.0,0.0,840.0,0.0,0.0,0.0,0.0,2809.0,1230.0,0.0,0.0,1418.0,2826.0,0.0,2872,851.10000,0.04600,0.42400,0.01100,0.00500,0.00300,0.04300,0.03200,0.08200,0.10800,0.78400,0.00300,0.00010,0.00200,0.00400,0.42100,0.01000,0.00400,0.00300,0.04300,0.03200,0.08300,0.12400,0.87000,0.00300,0.00010,0.00200,0.00400
10081,60.477,53.6,88.6287348909,49071,16027,732,35,811.3993749689965,2019,70,Middle,Team 2    ,85HP      ,3026.0,447,3746,0.0,0.0,0.0,3.0,4.0,4.0,17140,72490,0,0,2597,0,0.0,7997.0,0.0,7026.0,0.0,0.0,0.0,0.0,0.0,3323.0,490.0,0.0,0.0,0.0,0.0,0.0,0.0,0.0,840.0,0.0,0.0,0.0,0.0,2923.0,1715.0,0.0,0.0,1605.0,3298.0,0.0,2918,1262.00000,0.03600,0.43600,0.01100,0.00400,0.00300,0.04200,0.03300,0.08300,0.10600,0.82100,0.00300,0.00010,0.00200,0.00400,0.43600,0.01000,0.00400,0.00400,0.04300,0.03300,0.08500,0.13500,0.84400,0.00400,0.00010,0.00200,0.00400
10082,50.3625,52.7,104.6413502109,42461,14025,586,28,843.1074708364359,1957,57,South,Team 2    ,85HP      ,3026.0,1053,3113,0.0,0.0,0.0,3.0,4.0,4.0,14971,55580,0,0,2694,0,0.0,7873.0,0.0,7019.0,0.0,0.0,0.0,0.0,0.0,2983.0,277.0,0.0,0.0,0.0,0.0,0.0,0.0,0.0,700.0,0.0,0.0,0.0,0.0,2805.0,932.0,0.0,0.0,1594.0,3574.0,0.0,2958,1170.20000,0.04300,0.35000,0.01300,0.00500,0.00300,0.05800,0.03600,0.08300,0.17600,0.80600,0.00300,0.00010,0.00072,0.00400,0.40600,0.01300,0.00500,0.00200,0.05500,0.03800,0.08300,0.17200,0.86700,0.00069,0.00010,0.00051,0.00400
10083,62.375,53.0,84.9699398797,55281,17985,709,35,886.2685370741483,1050,17,Middle,Team 2    ,A100X     ,,321,3900,1.0,0.0,0.0,4.0,4.0,4.0,0,10368,32840,0,0,0,30178.0,0.0,0.0,0.0,0.0,14271.0,0.0,0.0,0.0,0.0,490.0,0.0,24481.0,0.0,0.0,0.0,0.0,0.0,0.0,0.0,0.0,0.0,9001.0,0.0,0.0,0.0,0.0,0.0,1534.0,2077.0,2987,1341.40000,0.05300,0.47100,0.02100,0.00700,0.00021,0.07700,0.08500,0.31500,0.10600,0.06400,0.00500,0.00010,0.00200,0.00900,0.48300,0.02100,0.00800,0.00098,0.07400,0.08400,0.28000,0.20500,0.06600,0.00500,0.00093,0.00200,0.00900
10084,64.6055,53.2,82.3459303,52239,17220,663,35,808.5844084481971,2007,28,Middle,Team 2    ,30HP      ,3061.0,634,3863,0.0,0.0,0.0,4.0,4.0,4.0,17794,78011,0,0,3924,0,0.0,8104.0,0.0,7203.0,0.0,0.0,0.0,0.0,0.0,3126.0,450.0,0.0,0.0,0.0,0.0,0.0,0.0,0.0,320.0,0.0,0.0,0.0,0.0,2594.0,1272.0,0.0,0.0,1461.0,5402.0,0.0,3004,1304.60000,0.04300,0.37200,0.01200,0.00500,0.00300,0.04000,0.03400,0.08800,0.09200,0.31000,0.00300,0.00100,0.00300,0.00400,0.47300,0.01100,0.00500,0.00200,0.03900,0.03300,0.08800,0.15900,0.35600,0.00400,0.00100,0.00200,0.00500
10085,62.379,53.1,85.1248016159,54594,17048,1002,35,875.1983840715626,2014,71,Middle,Team 3    ,30HP      ,3011.0,554,3907,0.0,0.0,0.0,4.0,4.0,4.0,17513,77600,0,0,2699,0,0.0,7872.0,0.0,7403.0,0.0,0.0,0.0,0.0,0.0,3038.0,505.0,0.0,0.0,0.0,0.0,0.0,0.0,0.0,300.0,0.0,0.0,0.0,0.0,2725.0,990.0,0.0,0.0,1589.0,3029.0,0.0,3026,1410.80000,0.04600,0.45000,0.01100,0.00500,0.00200,0.04400,0.03700,0.08600,0.09800,0.33000,0.00500,0.00022,0.00300,0.00500,0.47600,0.01000,0.00400,0.00300,0.04500,0.03800,0.08800,0.16300,0.33700,0.00300,0.00010,0.00300,0.00500
10086,60.1955,53.3,88.5448247792,49862,16250,767,35,828.3343439293634,2039,17,Middle,Team 3    ,30HP      ,3001.0,584,3725,0.0,0.0,0.0,4.0,4.0,4.0,17260,72294,0,0,3032,0,0.0,8120.0,0.0,7343.0,0.0,0.0,0.0,0.0,0.0,3318.0,488.0,0.0,0.0,0.0,0.0,0.0,0.0,0.0,300.0,0.0,0.0,0.0,0.0,2785.0,1440.0,0.0,0.0,1413.0,3086.0,0.0,2916,1591.60000,0.03800,0.42200,0.01100,0.00500,0.00300,0.04100,0.03900,0.08600,0.10300,0.33300,0.00300,0.00024,0.00200,0.00400,0.47500,0.01000,0.00500,0.00300,0.04200,0.03900,0.08600,0.16400,0.35400,0.00300,0.00010,0.00200,0.00500
10087,60.321,53.4,88.5263838464,49802,16629,890,28,825.6162862021519,2005,29,South,Team 3    ,30HP      ,3034.0,398,3754,0.0,0.0,0.0,4.0,4.0,4.0,17695,71652,0,0,3225,0,0.0,8183.0,0.0,7317.0,0.0,0.0,0.0,0.0,0.0,3646.0,440.0,0.0,0.0,0.0,0.0,0.0,0.0,0.0,300.0,0.0,0.0,0.0,0.0,2850.0,1166.0,0.0,0.0,1506.0,3102.0,0.0,2914,1338.70000,0.04100,0.35700,0.01000,0.00500,0.00300,0.03400,0.03700,0.08100,0.10000,0.32400,0.00400,0.00010,0.00600,0.00500,0.49000,0.01100,0.00600,0.00400,0.03400,0.03900,0.08100,0.15900,0.33800,0.00500,0.00100,0.00500,0.00500
10088,60.403,53.6,88.7373143718,49725,16493,832,28,823.2207009585617,2098,72,South,Team 3    ,30HP      ,3049.0,350,3796,0.0,0.0,0.0,4.0,4.0,4.0,18971,72075,0,0,2676,0,0.0,7957.0,0.0,6962.0,0.0,0.0,0.0,0.0,0.0,3245.0,495.0,0.0,0.0,0.0,0.0,0.0,0.0,0.0,300.0,0.0,0.0,0.0,0.0,2621.0,1072.0,0.0,0.0,1547.0,3380.0,0.0,2979,1177.00000,0.04500,0.45200,0.01200,0.00400,0.00200,0.06300,0.03500,0.08300,0.09000,0.33400,0.00400,0.00100,0.00400,0.00500,0.47000,0.01100,0.00500,0.00300,0.06300,0.03500,0.08300,0.15900,0.36200,0.00300,0.00040,0.00300,0.00600
10089,53.34,50.2,94.1132358455,45712,15039,732,28,856.9928758905137,1977,58,South,Team 3    ,30HP      ,,1000,3552,0.0,0.0,0.0,4.0,4.0,4.0,18243,57627,0,0,2711,0,0.0,8612.0,0.0,7328.0,0.0,0.0,0.0,0.0,0.0,3322.0,261.0,0.0,0.0,0.0,0.0,0.0,0.0,0.0,220.0,0.0,0.0,0.0,0.0,2473.0,1358.0,0.0,0.0,1722.0,3064.0,0.0,3066,1641.00000,0.04000,0.28300,0.01200,0.00500,0.00200,0.07500,0.04200,0.08600,0.15600,0.29900,0.00200,0.00025,0.00054,0.00400,0.42500,0.01000,0.00400,0.00500,0.07600,0.04000,0.08600,0.14800,0.36200,0.00400,0.00010,0.00050,0.00400
10090,64.4885,52.5,81.4098637741,56761,14676,1218,35,880.172433844794,1980,30,South,Team 1    ,A100DH    ,3004.0,308,3905,0.0,0.0,1.0,4.0,4.0,5.0,0,0,10075,5026,0,0,30189.0,0.0,0.0,0.0,0.0,17145.0,0.0,0.0,0.0,0.0,474.0,0.0,25399.0,0.0,0.0,0.0,0.0,4868.0,0.0,6354.0,5209.0,0.0,1058.0,0.0,0.0,0.0,0.0,0.0,0.0,23654.0,2921,1080.10000,0.04600,0.41300,0.02400,0.00500,0.00100,0.04600,0.16600,0.24700,0.07300,0.17500,0.00300,0.00010,0.00600,0.01100,0.47900,0.02100,0.00400,0.00200,0.04500,0.16700,0.24600,0.06500,0.17800,0.00400,0.00025,0.00400,0.01100
10091,62.235,52.2,83.8756326825,49149,15741,500,35,789.7324656543746,2003,18,Middle,Team 1    ,A100DH    ,3017.0,690,3889,0.0,0.0,0.0,4.0,4.0,5.0,0,0,10104,4815,0,0,30086.0,0.0,0.0,0.0,0.0,17000.0,0.0,0.0,0.0,0.0,488.0,0.0,20944.0,0.0,0.0,0.0,0.0,5081.0,0.0,6048.0,5346.0,0.0,1336.0,0.0,0.0,0.0,0.0,0.0,0.0,23710.0,2888,639.30000,0.06500,0.40700,0.02200,0.00500,0.00100,0.06700,0.12100,0.24100,0.09200,0.16000,0.00300,0.00010,0.00200,0.01000,0.45500,0.02100,0.00400,0.00071,0.06900,0.12000,0.23700,0.09700,0.15700,0.00300,0.00010,0.00100,0.01000
10092,60.056,50.3,83.7551618489,63044,18063,1430,28,1049.7535633408818,1975,73,South,Team 1    ,A100DH    ,3001.0,775,3739,0.0,0.0,0.0,4.0,4.0,5.0,0,0,1755,5724,0,0,30032.0,0.0,0.0,0.0,0.0,17693.0,0.0,0.0,0.0,0.0,446.0,0.0,24013.0,0.0,0.0,0.0,0.0,5023.0,0.0,5014.0,5362.0,0.0,1124.0,0.0,0.0,0.0,0.0,0.0,0.0,24372.0,2827,159.20000,0.21800,0.40600,0.02600,0.00500,0.00057,0.06900,0.22100,0.24400,0.12200,0.24600,0.00200,0.00010,0.00077,0.01000,0.47100,0.02400,0.00500,0.00200,0.07300,0.22100,0.24600,0.13200,0.25000,0.00300,0.00010,0.00068,0.01000
10093,59.0305,48.7,82.4997247185,59414,17712,924,28,1006.4966415666477,2003,31,Middle,Team 2    ,A100DH    ,3066.0,1423,3692,0.0,0.0,0.0,4.0,4.0,5.0,0,0,1856,5426,0,0,31599.0,0.0,0.0,0.0,0.0,17630.0,0.0,0.0,0.0,0.0,243.0,0.0,20258.0,0.0,0.0,0.0,0.0,5295.0,0.0,5225.0,4969.0,0.0,1083.0,0.0,0.0,0.0,0.0,0.0,0.0,24720.0,3033,1256.30000,0.04700,0.36700,0.02600,0.00700,0.00045,0.09100,0.18300,0.23400,0.17700,0.21000,0.00300,0.00010,0.00200,0.01000,0.45600,0.02600,0.00700,0.00200,0.09300,0.18500,0.23400,0.17300,0.21500,0.00400,0.00010,0.00100,0.01000
10094,62.272,53.5,85.9134121274,53743,16889,989,35,863.0363566289825,2030,19,Middle,Team 2    ,A100BPF   ,3002.0,427,3890,0.0,0.0,0.0,4.0,4.0,5.0,16550,61235,21867,2141,5188,0,0.0,0.0,0.0,0.0,0.0,3591.0,0.0,0.0,0.0,0.0,483.0,0.0,0.0,0.0,0.0,0.0,0.0,1025.0,0.0,0.0,0.0,0.0,2414.0,4123.0,0.0,0.0,0.0,0.0,1962.0,4448.0,2914,1252.40000,0.04300,0.42400,0.01800,0.00600,0.00100,0.05800,0.07100,0.14300,0.08600,0.06400,0.00400,0.00010,0.00200,0.01000,0.46800,0.01700,0.00500,0.00200,0.05900,0.07200,0.14500,0.11700,0.06400,0.00300,0.00010,0.00200,0.01000
10095,64.1425,54.0,84.1875511556,50699,16452,992,35,790.4119733406088,1961,74,South,Team 2    ,A100B     ,,408,3928,0.0,0.0,0.0,4.0,4.0,5.0,0,58150,0,4224,2780,0,0.0,0.0,0.0,0.0,0.0,0.0,0.0,0.0,0.0,1403.0,493.0,0.0,0.0,24105.0,26136.0,0.0,9953.0,0.0,0.0,0.0,0.0,0.0,0.0,0.0,0.0,359.0,0.0,0.0,1534.0,0.0,2952,1436.60000,0.04000,0.39900,0.01200,0.00500,0.00084,0.03300,0.02800,0.05500,0.07500,0.02800,0.00400,0.00010,0.00200,0.01700,0.44900,0.01100,0.00500,0.00200,0.03500,0.02800,0.05500,0.07700,0.03000,0.00400,0.00010,0.00200,0.01700
10096,60.11,53.3,88.6707702545,51755,16537,747,35,861.0048244884379,1988,32,Middle,Team 2    ,A100B     ,3014.0,612,3778,0.0,0.0,0.0,4.0,4.0,5.0,0,49084,0,4120,1986,0,0.0,0.0,0.0,0.0,0.0,0.0,0.0,0.0,0.0,1382.0,495.0,0.0,0.0,24914.0,26820.0,0.0,10153.0,0.0,0.0,0.0,0.0,0.0,0.0,0.0,0.0,315.0,0.0,0.0,1761.0,0.0,2910,1427.20000,0.03900,0.39800,0.01000,0.00500,0.00200,0.03800,0.02600,0.06100,0.09000,0.02700,0.00300,0.00010,0.00200,0.02000,0.45000,0.01000,0.00500,0.00086,0.03900,0.02600,0.06100,0.08900,0.02800,0.00300,0.00010,0.00200,0.02000
10097,59.9115,53.7,89.632207506,51119,17024,667,35,853.2418650843327,1159,75,Middle,Team 2    ,A100B     ,2983.0,504,3747,0.0,0.0,0.0,4.0,4.0,5.0,0,50303,0,4429,2134,0,0.0,0.0,0.0,0.0,0.0,0.0,0.0,0.0,0.0,1043.0,500.0,0.0,0.0,24112.0,26111.0,0.0,10064.0,0.0,0.0,0.0,0.0,0.0,0.0,0.0,0.0,289.0,0.0,0.0,1627.0,0.0,2989,1641.40000,0.03800,0.41300,0.00800,0.00400,0.00100,0.03200,0.02300,0.06000,0.06800,0.03800,0.00500,0.00010,0.00300,0.02200,0.45000,0.00900,0.00400,0.00100,0.03300,0.02400,0.06000,0.06900,0.03700,0.00300,0.00010,0.00300,0.02300
10098,60.2855,52.9,87.7491270703,52268,17106,811,28,867.0078211178476,2011,33,Middle,Team 2    ,A100BPF   ,3071.0,511,3782,0.0,0.0,0.0,4.0,4.0,5.0,17521,55308,23055,2154,5317,0,0.0,0.0,0.0,0.0,0.0,3395.0,0.0,0.0,0.0,0.0,504.0,0.0,0.0,0.0,0.0,0.0,0.0,1259.0,0.0,0.0,0.0,0.0,1557.0,4230.0,0.0,0.0,0.0,0.0,2511.0,4264.0,2995,1506.40000,0.04400,0.39000,0.01400,0.00600,0.00200,0.06500,0.05400,0.12500,0.14900,0.06000,0.00400,0.00010,0.00200,0.00800,0.43500,0.01300,0.00600,0.00200,0.06800,0.05300,0.11900,0.16300,0.05900,0.00400,0.00010,0.00200,0.00800
10099,60.0575,52.2,86.9167048245,51102,17234,664,28,850.8845689547518,1997,34,Middle,Team 2    ,A100BPF   ,3060.0,567,3755,0.0,0.0,0.0,4.0,4.0,5.0,16916,55305,22190,2240,5238,0,0.0,0.0,0.0,0.0,0.0,3838.0,0.0,0.0,0.0,0.0,482.0,0.0,0.0,0.0,0.0,0.0,0.0,1728.0,0.0,0.0,0.0,0.0,1560.0,4467.0,0.0,0.0,0.0,0.0,1876.0,4757.0,3019,1222.30000,0.04800,0.45200,0.01500,0.00700,0.00100,0.06500,0.05500,0.13600,0.14500,0.05800,0.00400,0.00010,0.00200,0.01100,0.44200,0.01400,0.00600,0.00200,0.06500,0.05400,0.13700,0.14400,0.05600,0.00300,0.00010,0.00100,0.01100
10100,64.2035,53.0,82.5500167436,53894,17561,958,35,839.4246419587716,1045,20,Middle,Team 3    ,A100BPF   ,,622,3878,0.0,0.0,0.0,4.0,4.0,5.0,16526,63878,21985,2564,5359,0,0.0,0.0,0.0,0.0,0.0,3598.0,0.0,0.0,0.0,0.0,483.0,0.0,0.0,0.0,0.0,0.0,0.0,1061.0,0.0,0.0,0.0,0.0,2116.0,4748.0,0.0,0.0,0.0,0.0,2192.0,4380.0,2997,1350.80000,0.04300,0.41800,0.01300,0.00500,0.00089,0.04600,0.05100,0.12900,0.09900,0.05500,0.00400,0.00010,0.00200,0.00800,0.44400,0.01200,0.00400,0.00200,0.04600,0.05200,0.13100,0.11100,0.05500,0.00400,0.00010,0.00100,0.00800
10101,60.3175,53.3,88.3657313383,52287,16058,1003,28,866.8628507481245,1053,76,North,Team 3    ,A100      ,3053.0,385,3773,0.0,1.0,0.0,4.0,5.0,5.0,18036,55188,22302,2194,5803,0,0.0,0.0,0.0,0.0,0.0,3509.0,0.0,0.0,0.0,0.0,489.0,0.0,0.0,0.0,0.0,0.0,0.0,1329.0,0.0,0.0,0.0,0.0,1666.0,4465.0,0.0,0.0,0.0,0.0,2217.0,3926.0,2953,898.60000,0.05900,0.44100,0.01800,0.00600,0.00500,0.15400,0.05600,0.14100,0.12800,0.09000,0.00600,0.00300,0.00300,0.01100,0.47300,0.01500,0.00700,0.00300,0.15200,0.05700,0.14000,0.18200,0.08500,0.00300,0.00010,0.00200,0.01100
10102,60.21,53.0,88.0252449759,54384,16860,1137,28,903.2386646736422,1979,34,North,Team 3    ,A100      ,3003.0,498,3736,0.0,0.0,0.0,4.0,5.0,5.0,17146,54857,22847,2508,5069,0,0.0,0.0,0.0,0.0,0.0,3543.0,0.0,0.0,0.0,0.0,488.0,0.0,0.0,0.0,0.0,0.0,0.0,2425.0,0.0,0.0,0.0,0.0,956.0,4720.0,0.0,0.0,0.0,0.0,2319.0,4030.0,2879,29.50000,0.00000,0.44600,0.01700,0.00600,0.00200,0.11700,0.05600,0.13600,0.13600,0.06900,0.00400,0.00096,0.00200,0.00800,0.45800,0.01400,0.00500,0.00300,0.11700,0.05400,0.13500,0.12900,0.07500,0.00500,0.00010,0.00200,0.00800
10103,60.444,53.0,87.6844682681,50896,16404,1077,28,842.0356032029647,1962,21,North,Team 3    ,A100BPF   ,3027.0,341,3779,0.0,0.0,0.0,4.0,5.0,5.0,16724,57836,21960,1949,5809,0,0.0,0.0,0.0,0.0,0.0,3301.0,0.0,0.0,0.0,0.0,479.0,0.0,0.0,0.0,0.0,0.0,0.0,1027.0,0.0,0.0,0.0,0.0,1393.0,4288.0,0.0,0.0,0.0,0.0,2227.0,4374.0,2924,808.60000,0.06000,0.42700,0.01400,0.00600,0.00300,0.08600,0.05300,0.12700,0.12400,0.06000,0.00700,0.00200,0.00300,0.00700,0.40800,0.01100,0.00500,0.00200,0.08400,0.05100,0.12800,0.11900,0.05600,0.00400,0.00010,0.00200,0.00700
10104,60.4025,53.0,87.7447125532,50462,16101,1010,28,835.4289971441578,1877,59,South,Team 3    ,A100BPF   ,3004.0,303,3790,0.0,0.0,0.0,4.0,5.0,5.0,16580,74414,12015,0,5355,0,0.0,0.0,0.0,0.0,0.0,0.0,0.0,0.0,0.0,0.0,476.0,0.0,0.0,0.0,0.0,0.0,0.0,1446.0,0.0,0.0,0.0,0.0,0.0,4497.0,0.0,0.0,0.0,0.0,2463.0,4035.0,2881,943.70000,0.06100,,,,,,,,,,,,,,,,,,,,,,,,,,
10105,62.581,53.8,85.9685847142,46764,14053,1034,35,747.2555567983893,1937,22,North,Team 1    ,85HP      ,3025.0,356,3968,0.0,0.0,0.0,4.0,5.0,5.0,17599,76976,0,0,2474,0,0.0,7941.0,0.0,10897.0,0.0,0.0,0.0,0.0,0.0,2970.0,510.0,0.0,0.0,0.0,0.0,0.0,0.0,0.0,940.0,0.0,0.0,0.0,0.0,0.0,1027.0,0.0,0.0,1536.0,2802.0,0.0,2887,984.60000,0.04800,0.41200,0.01100,0.00500,0.00300,0.03700,0.02400,0.06900,0.09000,0.81400,0.00500,0.00040,0.01000,0.00500,0.44600,0.01100,0.00400,0.00400,0.03700,0.02400,0.06900,0.13200,0.85300,0.00400,0.00010,0.01700,0.00500
10106,60.5955,53.4,88.1253558432,48644,15943,571,28,802.7658819549306,1822,35,South,Team 1    ,85HP      ,3021.0,735,3763,0.0,0.0,0.0,4.0,5.0,5.0,17062,74385,0,0,2725,0,0.0,7870.0,0.0,9793.0,0.0,0.0,0.0,0.0,0.0,3032.0,447.0,0.0,0.0,0.0,0.0,0.0,0.0,0.0,820.0,0.0,0.0,0.0,0.0,0.0,934.0,0.0,0.0,1629.0,2941.0,0.0,2986,1252.90000,0.04700,0.38100,0.01100,0.00400,0.00400,0.03900,0.02300,0.06500,0.10300,0.76200,0.00300,0.00023,0.00600,0.00400,0.42800,0.01000,0.00400,0.00300,0.03900,0.02200,0.06400,0.12700,0.84100,0.00400,0.00010,0.00500,0.00400
10107,60.7225,53.1,87.4469924657,50190,16727,925,35,826.5469965828153,2001,35,Middle,Team 1    ,85HP      ,,602,3785,0.0,0.0,0.0,4.0,5.0,5.0,18666,72801,0,0,2875,0,0.0,6814.0,0.0,10510.0,0.0,0.0,0.0,0.0,0.0,3056.0,510.0,0.0,0.0,0.0,0.0,0.0,0.0,0.0,820.0,0.0,0.0,0.0,0.0,0.0,1278.0,0.0,0.0,1532.0,3093.0,0.0,2952,1475.80000,0.03900,0.44300,0.01300,0.00500,0.00300,0.03900,0.02600,0.08200,0.10400,0.75700,0.00500,0.00010,0.00400,0.00400,0.44200,0.01400,0.00500,0.00400,0.03900,0.02500,0.08200,0.12300,0.86600,0.00500,0.00010,0.00400,0.00400
10108,60.6115,53.4,88.1020928371,49258,16769,728,28,812.6840616054709,1967,60,North,Team 2    ,85HP      ,3065.0,907,3765,0.0,0.0,0.0,4.0,5.0,5.0,17464,73279,0,0,2586,0,0.0,8175.0,0.0,10273.0,0.0,0.0,0.0,0.0,0.0,3022.0,433.0,0.0,0.0,0.0,0.0,0.0,0.0,0.0,820.0,0.0,0.0,0.0,0.0,0.0,977.0,0.0,0.0,1814.0,2813.0,0.0,2975,1118.80000,0.04600,0.37300,0.01100,0.00600,0.00300,0.04200,0.02500,0.06900,0.12500,0.77700,0.00400,0.00010,0.00300,0.00400,0.43400,0.01000,0.00600,0.00300,0.04300,0.02400,0.06900,0.12100,0.86500,0.00300,0.00010,0.00300,0.00400
10109,60.5265,53.3,88.0606015546,53649,17134,935,35,886.3720849545241,1827,36,South,Team 2    ,85HP      ,3017.0,762,3745,0.0,0.0,1.0,4.0,5.0,6.0,17959,72294,0,0,2752,0,0.0,8192.0,0.0,10046.0,0.0,0.0,0.0,0.0,0.0,3071.0,468.0,0.0,0.0,0.0,0.0,0.0,0.0,0.0,840.0,0.0,0.0,0.0,0.0,0.0,1005.0,0.0,0.0,1609.0,3285.0,0.0,2980,1522.10000,0.04000,0.39200,0.01200,0.00500,0.00700,0.03700,0.03000,0.08200,0.10100,0.81100,0.00600,0.00100,0.00500,0.00400,0.42000,0.01100,0.00500,0.00300,0.03700,0.03000,0.08000,0.13500,0.85500,0.00400,0.00010,0.00300,0.00400
10110,48.7555,51.1,104.8086882505,41463,13006,728,28,850.4271312980075,2002,23,Middle,Team 2    ,85HP      ,3052.0,1041,3017,0.0,0.0,0.0,4.0,5.0,6.0,14017,58253,0,0,2758,0,0.0,4599.0,0.0,9271.0,0.0,0.0,0.0,0.0,0.0,3263.0,274.0,0.0,0.0,0.0,0.0,0.0,0.0,0.0,640.0,0.0,0.0,0.0,0.0,0.0,1130.0,0.0,0.0,0.0,3580.0,0.0,2990,1465.80000,0.04200,0.29300,0.01300,0.00400,0.00200,0.05100,0.04500,0.09300,0.12000,0.74600,0.00200,0.00010,0.00900,0.00500,0.37200,0.01200,0.00300,0.00400,0.05400,0.04400,0.09400,0.12400,0.88900,0.00300,0.00010,0.00600,0.00500
10111,62.062,53.3,85.8818600754,53490,16663,997,35,861.8800554284426,0,37,Atomize,Team 2    ,A100BPF   ,3063.0,590,3836,0.0,0.0,0.0,4.0,5.0,6.0,16431,69719,22071,1962,4958,0,0.0,0.0,0.0,0.0,0.0,0.0,0.0,0.0,0.0,0.0,504.0,0.0,0.0,0.0,0.0,0.0,0.0,1086.0,0.0,0.0,0.0,0.0,1183.0,4273.0,0.0,0.0,0.0,0.0,2441.0,0.0,2880,1137.20000,0.04700,0.45700,0.01600,0.00600,0.00500,0.05500,0.05100,0.13100,0.11600,0.06500,0.01100,0.00100,0.00500,0.00600,0.44300,0.01300,0.00500,0.00200,0.05500,0.05100,0.13500,0.11200,0.05900,0.00400,0.00010,0.00400,0.00600
10112,63.9805,53.3,83.3066324895,51011,16535,725,35,797.2897992357047,1826,1,South,Team 2    ,A100B     ,3067.0,697,3840,0.0,0.0,0.0,4.0,5.0,6.0,0,57929,0,3799,2101,0,0.0,0.0,0.0,0.0,0.0,0.0,0.0,0.0,0.0,1248.0,488.0,0.0,0.0,23591.0,27415.0,0.0,11016.0,0.0,0.0,0.0,0.0,0.0,0.0,0.0,0.0,308.0,0.0,0.0,862.0,0.0,2937,1306.50000,0.03900,0.38700,0.00900,0.00500,0.00300,0.03600,0.02300,0.05500,0.10600,0.03000,0.00600,0.00010,0.00200,0.01500,0.40200,0.00900,0.00500,0.00600,0.03600,0.02300,0.05400,0.10600,0.03200,0.00800,0.00010,0.00200,0.01500
10113,60.154,53.5,88.9383914619,56197,16501,1134,35,934.2188383149914,1969,36,North,Team 2    ,A100B     ,3009.0,630,3738,0.0,0.0,0.0,4.0,5.0,6.0,0,48321,0,3924,2847,0,0.0,0.0,0.0,0.0,0.0,0.0,0.0,0.0,0.0,1265.0,480.0,0.0,0.0,24522.0,27560.0,0.0,10044.0,0.0,0.0,0.0,0.0,0.0,0.0,0.0,0.0,311.0,0.0,0.0,1825.0,0.0,2877,916.70000,0.04500,0.40600,0.01000,0.00400,0.00200,0.02700,0.02700,0.06100,0.08700,0.02800,0.00600,0.00010,0.00300,0.02200,0.43800,0.01000,0.00400,0.00100,0.02800,0.02800,0.06100,0.08600,0.02900,0.00500,0.00010,0.00300,0.02200
10114,59.958,53.4,89.0623436405,52114,16056,961,35,869.175089229127,1985,37,North,Team 2    ,A100B     ,3045.0,798,3757,0.0,0.0,0.0,4.0,5.0,6.0,0,47739,0,4036,2659,0,0.0,0.0,0.0,0.0,0.0,0.0,0.0,0.0,0.0,1212.0,489.0,0.0,0.0,24910.0,27434.0,0.0,10166.0,0.0,0.0,0.0,0.0,0.0,0.0,0.0,0.0,300.0,0.0,0.0,1760.0,0.0,2949,1334.30000,0.03700,0.34000,0.01100,0.00500,0.00100,0.02700,0.02300,0.05500,0.08800,0.03000,0.00500,0.00010,0.00200,0.01900,0.42400,0.00800,0.00500,0.00100,0.02800,0.02200,0.05500,0.08800,0.03000,0.00500,0.00010,0.00200,0.02000
10115,60.0175,53.1,88.4741950264,51603,16067,944,35,859.7992252259758,1964,23,South,Team 3    ,A100B     ,,649,3744,0.0,0.0,0.0,4.0,5.0,6.0,0,47823,0,4050,2826,0,0.0,0.0,0.0,0.0,0.0,0.0,0.0,0.0,0.0,1387.0,501.0,0.0,0.0,24740.0,26724.0,0.0,10205.0,0.0,0.0,0.0,0.0,0.0,0.0,0.0,0.0,301.0,0.0,0.0,2280.0,0.0,2946,1398.40000,0.03800,0.39300,0.00900,0.00500,0.00200,0.03900,0.02600,0.05500,0.08600,0.03200,0.00400,0.00010,0.00100,0.01700,0.44900,0.00900,0.00400,0.00200,0.04000,0.02500,0.05600,0.08400,0.02900,0.00300,0.00100,0.00100,0.01600
10116,60.0795,53.4,88.8822310438,55781,16795,1043,35,928.4531329321982,1868,61,Middle,Team 3    ,A100B     ,3046.0,700,3714,0.0,0.0,0.0,4.0,5.0,6.0,0,49007,0,4017,2152,0,0.0,0.0,0.0,0.0,0.0,0.0,0.0,0.0,0.0,1091.0,488.0,0.0,0.0,24271.0,27339.0,0.0,10446.0,0.0,0.0,0.0,0.0,0.0,0.0,0.0,0.0,300.0,0.0,0.0,1836.0,0.0,2891,1271.60000,0.03700,0.40500,0.01000,0.00400,0.00200,0.03800,0.02300,0.05500,0.07700,0.02700,0.00600,0.00010,0.00200,0.01600,0.44400,0.01000,0.00500,0.00300,0.03900,0.02300,0.05500,0.07600,0.02700,0.00500,0.00200,0.00200,0.01700
10117,60.291,53.4,88.570433398,51981,16218,947,35,862.1684828581381,2005,1,North,Team 3    ,A100B     ,3035.0,686,3764,0.0,0.0,0.0,4.0,5.0,6.0,0,55421,0,4091,2057,0,0.0,0.0,0.0,0.0,0.0,0.0,0.0,0.0,0.0,1671.0,495.0,0.0,0.0,25977.0,20784.0,0.0,9454.0,0.0,0.0,0.0,0.0,0.0,0.0,0.0,0.0,298.0,0.0,0.0,1127.0,0.0,2948,1225.40000,0.04000,0.43300,0.01100,0.00500,0.00400,0.05500,0.02900,0.06700,0.07900,0.03000,0.00500,0.00010,0.00200,0.01800,0.44700,0.01100,0.00400,0.00300,0.05400,0.02800,0.06700,0.07600,0.03500,0.00600,0.00010,0.00200,0.01700
10118,60.2545,53.4,88.6240861678,51040,15550,900,28,847.0736625480255,1919,37,South,Team 3    ,A100B     ,2984.0,536,3772,0.0,0.0,0.0,4.0,5.0,6.0,0,48727,0,4006,2370,0,0.0,0.0,0.0,0.0,0.0,0.0,0.0,0.0,0.0,917.0,505.0,0.0,0.0,24826.0,29251.0,0.0,10412.0,0.0,0.0,0.0,0.0,0.0,0.0,0.0,0.0,300.0,0.0,0.0,0.0,0.0,2920,1399.50000,0.03900,0.41300,0.00900,0.00400,0.00200,0.03200,0.02300,0.06200,0.07200,0.03700,0.00500,0.00013,0.00400,0.01500,0.44300,0.00900,0.00400,0.00200,0.03300,0.02400,0.06300,0.07000,0.03600,0.00400,0.00010,0.00400,0.01500
10119,58.096,53.1,91.4004406499,50912,16056,891,28,876.3426053428808,2001,38,Middle,Team 3    ,A100B     ,,651,3644,0.0,0.0,0.0,4.0,5.0,6.0,0,44227,0,4630,2313,0,0.0,0.0,0.0,0.0,0.0,0.0,0.0,0.0,0.0,1340.0,489.0,0.0,0.0,24778.0,28104.0,0.0,10800.0,0.0,0.0,0.0,0.0,0.0,0.0,0.0,0.0,302.0,0.0,0.0,0.0,0.0,2872,1406.50000,0.03800,0.42900,0.01000,0.00400,0.00100,0.02300,0.02400,0.05800,0.06200,0.02700,0.00500,0.00010,0.00200,0.01700,0.43300,0.01000,0.00400,0.00100,0.02400,0.02400,0.05800,0.06000,0.02600,0.00500,0.00016,0.00200,0.01700
10120,62.0235,54.1,87.2250034261,53187,14966,1086,35,857.5298072504777,1978,62,South,Team 1    ,A100B     ,3002.0,457,3877,0.0,1.0,0.0,4.0,6.0,6.0,0,53475,0,4036,2297,0,0.0,0.0,0.0,0.0,0.0,0.0,0.0,0.0,0.0,1396.0,504.0,0.0,0.0,25118.0,27339.0,0.0,10386.0,0.0,0.0,0.0,0.0,0.0,0.0,0.0,0.0,300.0,0.0,0.0,0.0,0.0,2860,447.00000,0.06600,0.37100,0.01200,0.00400,0.00042,0.02000,0.02600,0.06200,0.05700,0.02500,0.00300,0.00010,0.00300,0.01600,0.45100,0.01100,0.00400,0.00100,0.02200,0.02600,0.06100,0.05800,0.02700,0.00400,0.00010,0.00300,0.01600
10121,60.1485,54.0,89.7777999451,52637,15765,980,35,875.1174177244653,2011,39,Middle,Team 1    ,A100B     ,3007.0,845,3736,0.0,0.0,0.0,4.0,6.0,6.0,0,54092,0,4182,2240,0,0.0,0.0,0.0,0.0,0.0,0.0,0.0,0.0,0.0,1114.0,514.0,0.0,0.0,24808.0,26211.0,0.0,7650.0,0.0,0.0,0.0,0.0,0.0,0.0,0.0,0.0,314.0,0.0,0.0,0.0,0.0,2918,1161.10000,0.04100,0.41700,0.01300,0.00400,0.00086,0.02500,0.02700,0.06000,0.07400,0.03400,0.00900,0.00010,0.00200,0.01800,0.45400,0.01100,0.00400,0.00091,0.02600,0.02600,0.05800,0.07500,0.03700,0.00700,0.00010,0.00200,0.01700
10122,60.1475,53.5,88.9480028263,52388,16463,1245,35,870.9921443118999,1967,24,North,Team 1    ,A100B     ,3024.0,888,3759,0.0,0.0,0.0,4.0,6.0,6.0,0,59436,0,4325,4919,0,0.0,0.0,0.0,0.0,0.0,0.0,0.0,0.0,0.0,1071.0,500.0,0.0,0.0,24911.0,25633.0,0.0,0.0,0.0,0.0,0.0,0.0,0.0,0.0,0.0,0.0,309.0,0.0,0.0,0.0,0.0,2886,1245.40000,0.04000,0.44900,0.01000,0.00400,0.00100,0.02900,0.02500,0.06300,0.09500,0.02400,0.00900,0.00010,0.00200,0.01600,0.43500,0.01100,0.00400,0.00100,0.03000,0.02500,0.06400,0.09600,0.02500,0.00900,0.00010,0.00200,0.01500
10123,60.145,53.7,89.284229778,51761,16063,811,28,860.6035414415163,2002,38,Middle,Team 2    ,A100BPF   ,3042.0,542,3758,0.0,0.0,0.0,4.0,6.0,6.0,16072,65566,22188,4749,4969,0,0.0,0.0,0.0,0.0,0.0,0.0,0.0,0.0,0.0,0.0,449.0,0.0,0.0,0.0,0.0,0.0,0.0,1122.0,0.0,0.0,0.0,0.0,1475.0,4149.0,0.0,0.0,0.0,0.0,0.0,0.0,2998,1491.10000,0.04100,0.38800,0.01300,0.00500,0.00031,0.04300,0.04800,0.14200,0.10400,0.03700,0.00600,0.00010,0.00100,0.00700,0.47900,0.01400,0.00500,0.00100,0.04600,0.04900,0.14000,0.12400,0.03800,0.00400,0.00010,0.00100,0.00800
10124,58.05,53.4,91.9896640826,46393,15368,737,28,799.1903531438415,2006,40,Middle,Team 2    ,A100BPF   ,,405,3623,0.0,0.0,0.0,4.0,6.0,6.0,16716,61610,22350,3865,4844,0,0.0,0.0,0.0,0.0,0.0,0.0,0.0,0.0,0.0,0.0,498.0,0.0,0.0,0.0,0.0,0.0,0.0,1109.0,0.0,0.0,0.0,0.0,1090.0,4516.0,0.0,0.0,0.0,0.0,0.0,0.0,2928,1142.90000,0.04100,0.47400,0.01200,0.00600,0.00200,0.06200,0.04900,0.13800,0.09600,0.03800,0.01600,0.00010,0.00400,0.00600,0.48900,0.01300,0.00700,0.00200,0.06300,0.05000,0.13700,0.11700,0.03800,0.00700,0.00010,0.00300,0.00700
10125,55.141,53.4,96.842639778,50491,16369,849,28,915.6707350247548,1910,63,North,Team 2    ,A100BPF   ,3096.0,405,3432,0.0,0.0,0.0,4.0,6.0,6.0,17870,53922,22632,3797,5392,0,0.0,0.0,0.0,0.0,0.0,0.0,0.0,0.0,0.0,0.0,511.0,0.0,0.0,0.0,0.0,0.0,0.0,1206.0,0.0,0.0,0.0,0.0,1071.0,4392.0,0.0,0.0,0.0,0.0,0.0,0.0,3024,1457.10000,0.04800,0.45600,0.01400,0.00700,0.00200,0.06100,0.05200,0.13800,0.11900,0.04900,0.00500,0.00010,0.00100,0.00800,0.46100,0.01400,0.00700,0.00100,0.06200,0.05200,0.13800,0.12000,0.04700,0.00400,0.00010,0.00100,0.00800
10126,50.3915,48.9,97.0401754264,43501,13726,798,28,863.2606689620274,2002,25,Middle,Team 2    ,A100      ,3090.0,941,3165,0.0,0.0,0.0,4.0,6.0,6.0,16973,45957,22506,4142,4822,0,0.0,0.0,0.0,0.0,0.0,0.0,0.0,0.0,0.0,0.0,336.0,0.0,0.0,0.0,0.0,0.0,0.0,1305.0,0.0,0.0,0.0,0.0,1136.0,3942.0,0.0,0.0,0.0,0.0,0.0,0.0,3056,1481.90000,0.04600,0.34700,0.01300,0.00900,0.00030,0.08800,0.04800,0.13600,0.21800,0.04300,0.00400,0.00010,0.00037,0.00800,0.48300,0.01300,0.00800,0.00100,0.09000,0.04700,0.13500,0.22000,0.04600,0.00500,0.00010,0.00031,0.00700
10127,60.0465,51.5,85.7668640137,68126,16185,1818,29,1134.5540539415285,1978,41,South,Team 1    ,A100X     ,3060.0,1513,3500,1.0,0.0,1.0,5.0,6.0,7.0,0,1464,37385,0,0,0,30442.0,0.0,0.0,0.0,0.0,14988.0,0.0,0.0,0.0,0.0,219.0,0.0,24588.0,0.0,0.0,0.0,0.0,0.0,0.0,0.0,0.0,0.0,8953.0,0.0,0.0,0.0,0.0,0.0,0.0,2273.0,2992,1540.90000,0.03900,0.42300,0.01800,0.01000,0.00100,0.10300,0.09000,0.30300,0.23900,0.06700,0.00500,0.00010,0.00600,0.00900,0.43800,0.01800,0.01000,0.00300,0.10500,0.09000,0.30300,0.23900,0.06900,0.00300,0.00010,0.00500,0.00900
10128,62.0905,53.2,85.6813844307,50205,16665,944,35,808.5778017571126,1990,63,Middle,Team 1    ,A100BPF   ,3032.0,518,3500,0.0,0.0,0.0,5.0,6.0,7.0,16363,70611,22516,2337,5000,0,0.0,0.0,0.0,0.0,0.0,0.0,0.0,0.0,0.0,0.0,362.0,0.0,0.0,0.0,0.0,0.0,0.0,923.0,0.0,0.0,0.0,0.0,1539.0,4892.0,0.0,0.0,0.0,0.0,0.0,0.0,3042,1352.30000,0.05000,0.36600,0.01400,0.00600,0.00070,0.06300,0.05200,0.12800,0.10700,0.04100,0.00500,0.00010,0.00400,0.00800,0.44800,0.01300,0.00500,0.00076,0.06300,0.05200,0.12900,0.10000,0.04300,0.00400,0.00010,0.00400,0.00800
10129,64.919,52.8,81.3321215668,55094,17544,1168,35,848.6575578798195,1980,26,North,Team 1    ,A100B     ,3077.0,511,3923,0.0,0.0,0.0,5.0,6.0,7.0,7893,73563,0,3847,6973,0,0.0,0.0,0.0,0.0,0.0,0.0,0.0,0.0,0.0,1250.0,485.0,0.0,0.0,10641.0,25671.0,0.0,0.0,0.0,0.0,0.0,0.0,0.0,0.0,0.0,0.0,309.0,0.0,0.0,0.0,0.0,2967,1433.20000,0.04000,0.37900,0.01100,0.00500,0.00100,0.04700,0.03300,0.07600,0.08900,0.02600,0.00400,0.00010,0.00200,0.00800,0.43000,0.01100,0.00500,0.00064,0.04900,0.03400,0.07800,0.08700,0.02600,0.00300,0.00020,0.00200,0.00900
10130,59.947,53.1,88.5782441156,49478,15639,937,35,825.3624034563865,1816,3,South,Team 1    ,A100B     ,3041.0,400,3726,0.0,0.0,0.0,5.0,6.0,7.0,7705,63614,0,4228,6997,0,0.0,0.0,0.0,0.0,0.0,0.0,0.0,0.0,0.0,1393.0,514.0,0.0,0.0,10073.0,25884.0,0.0,0.0,0.0,0.0,0.0,0.0,0.0,0.0,0.0,0.0,305.0,0.0,0.0,0.0,0.0,3018,1379.10000,0.04300,0.43400,0.01000,0.00500,0.00100,0.03700,0.03600,0.07700,0.07000,0.04100,0.00400,0.00010,0.00800,0.01100,0.42200,0.01000,0.00500,0.00200,0.03700,0.03400,0.07500,0.06900,0.04200,0.00500,0.00010,0.00800,0.01000
10131,59.89,53.2,88.8295207881,50725,15964,776,35,846.9694439806311,2014,42,Middle,Team 1    ,A100B     ,3034.0,603,3727,0.0,0.0,0.0,5.0,6.0,7.0,8878,61437,0,4241,6984,0,0.0,0.0,0.0,0.0,0.0,0.0,0.0,0.0,0.0,1040.0,494.0,0.0,0.0,11492.0,25708.0,0.0,0.0,0.0,0.0,0.0,0.0,0.0,0.0,0.0,0.0,231.0,0.0,0.0,0.0,0.0,2954,1295.50000,0.03800,0.42800,0.01100,0.00500,0.00100,0.03400,0.02900,0.07500,0.07800,0.03100,0.00400,0.00010,0.00300,0.01100,0.42300,0.01000,0.00500,0.00200,0.03500,0.02900,0.07400,0.07700,0.03200,0.00500,0.00010,0.00300,0.01100
10132,59.9295,53.2,88.7709725594,51409,16270,863,35,857.824610584103,2038,27,Middle,Team 2    ,A100B     ,,713,3751,0.0,0.0,0.0,5.0,6.0,7.0,7837,71768,0,4467,7592,0,0.0,0.0,0.0,0.0,0.0,0.0,0.0,0.0,0.0,913.0,487.0,0.0,0.0,0.0,27282.0,0.0,0.0,0.0,0.0,0.0,0.0,0.0,0.0,0.0,0.0,262.0,0.0,0.0,0.0,0.0,2977,1329.30000,0.03900,0.44000,0.01300,0.00500,0.00031,0.03100,0.03200,0.07900,0.08600,0.02800,0.00200,0.00010,0.00300,0.00600,0.44800,0.01000,0.00500,0.00100,0.03300,0.03100,0.07700,0.08400,0.03600,0.00400,0.00010,0.00300,0.00600
10133,60.065,53.0,88.2377424456,51148,15921,911,35,851.5441604927995,1953,64,South,Team 2    ,A100B     ,3079.0,621,3767,0.0,0.0,0.0,5.0,6.0,7.0,7697,100017,0,4301,6923,0,0.0,0.0,0.0,0.0,0.0,0.0,0.0,0.0,0.0,1192.0,503.0,0.0,0.0,0.0,0.0,0.0,0.0,0.0,0.0,0.0,0.0,0.0,0.0,0.0,0.0,0.0,0.0,0.0,0.0,0.0,2940,1114.80000,0.04300,0.42300,0.01100,0.00400,0.00021,0.03000,0.03500,0.09500,0.07700,0.03100,0.00200,0.00010,0.00300,0.00500,0.42000,0.01000,0.00400,0.00200,0.03000,0.03400,0.09300,0.07300,0.04100,0.00400,0.00010,0.00200,0.00500
10134,64.117,52.0,81.101735889,52260,16938,978,35,815.0724456852316,2003,3,Middle,Team 2    ,A100B     ,,340,3873,0.0,0.0,0.0,5.0,6.0,7.0,7972,107914,0,4039,7178,0,0.0,0.0,0.0,0.0,0.0,0.0,0.0,0.0,0.0,1131.0,490.0,0.0,0.0,0.0,0.0,0.0,0.0,0.0,0.0,0.0,0.0,0.0,0.0,0.0,0.0,271.0,0.0,0.0,0.0,0.0,2933,965.80000,0.06300,0.41100,0.01000,0.00500,0.00200,0.04100,0.02700,0.07800,0.13000,0.02900,0.00600,0.00010,0.00200,0.00400,0.40200,0.01000,0.00500,0.00100,0.04100,0.02800,0.07800,0.12700,0.02900,0.00600,0.00010,0.00200,0.00400
10135,60.254,53.3,88.4588575032,47223,15778,884,35,783.7322003518439,2132,25,Middle,Team 2    ,A100B     ,2980.0,358,3404,0.0,0.0,0.0,5.0,6.0,7.0,8159,99616,0,3849,7511,0,0.0,0.0,0.0,0.0,0.0,0.0,0.0,0.0,0.0,1373.0,508.0,0.0,0.0,0.0,0.0,0.0,0.0,0.0,0.0,0.0,0.0,0.0,0.0,0.0,0.0,339.0,0.0,0.0,0.0,0.0,2993,1222.30000,0.04700,0.39100,0.01000,0.00400,0.00031,0.04500,0.02700,0.08400,0.10000,0.04000,0.00500,0.00010,0.00600,0.00400,0.45300,0.01000,0.00500,0.00062,0.04500,0.02800,0.08300,0.10000,0.03600,0.00400,0.00011,0.00500,0.00400
10136,59.8725,53.3,89.0225061589,48471,15819,821,35,809.5703369660529,1833,33,South,Team 2    ,A100B     ,3023.0,417,3037,0.0,0.0,0.0,5.0,6.0,7.0,7961,98758,0,4673,6980,0,0.0,0.0,0.0,0.0,0.0,0.0,0.0,0.0,0.0,1373.0,502.0,0.0,0.0,0.0,0.0,0.0,0.0,0.0,0.0,0.0,0.0,0.0,0.0,0.0,0.0,455.0,0.0,0.0,0.0,0.0,2925,978.70000,0.04700,0.45600,0.01000,0.00500,0.00020,0.04700,0.03700,0.09100,0.10100,0.03000,0.00200,0.00010,0.00200,0.00400,0.46100,0.01100,0.00500,0.00039,0.04800,0.03800,0.09100,0.10300,0.03000,0.00200,0.00010,0.00200,0.00500
10137,62.1935,53.7,86.3434281717,50413,15064,1178,35,810.5830995200463,2004,32,North,Team 3    ,A100BPF   ,,506,3848,0.0,0.0,0.0,5.0,6.0,7.0,16768,70077,22666,2074,5997,0,0.0,0.0,0.0,0.0,0.0,0.0,0.0,0.0,0.0,0.0,509.0,0.0,0.0,0.0,0.0,0.0,0.0,1115.0,0.0,0.0,0.0,0.0,1263.0,4427.0,0.0,0.0,0.0,0.0,0.0,0.0,2942,1431.60000,0.03300,0.44900,0.01500,0.00500,0.00200,0.03800,0.04700,0.12800,0.08800,0.03000,0.00300,0.00200,0.00300,0.00700,0.45800,0.01200,0.00500,0.00100,0.03800,0.04600,0.12700,0.11900,0.03100,0.00200,0.00100,0.00200,0.00700
10138,60.0205,53.8,89.6360410193,50981,16443,1029,28,849.3931240159612,1855,67,Middle,Team 3    ,A100BPF   ,3058.0,447,3769,0.0,0.0,0.0,5.0,6.0,7.0,17108,64943,23064,2289,5732,0,0.0,0.0,0.0,0.0,0.0,0.0,0.0,0.0,0.0,0.0,519.0,0.0,0.0,0.0,0.0,0.0,0.0,1308.0,0.0,0.0,0.0,0.0,1486.0,4111.0,0.0,0.0,0.0,0.0,0.0,0.0,2910,1226.00000,0.04500,0.44500,0.01400,0.00500,0.00300,0.05800,0.04500,0.13800,0.11300,0.04900,0.00500,0.00100,0.00300,0.00600,0.43300,0.01100,0.00500,0.00200,0.05800,0.04500,0.14000,0.11300,0.04700,0.00400,0.00010,0.00200,0.00600
10139,60.0845,53.0,88.2091055097,48585,15422,818,35,808.6112058850453,1978,5,South,Team 3    ,A100X     ,,252,3719,0.0,0.0,0.0,5.0,6.0,7.0,16611,65802,22926,2037,5708,0,0.0,0.0,0.0,0.0,0.0,0.0,0.0,0.0,0.0,0.0,465.0,0.0,0.0,0.0,0.0,0.0,0.0,1214.0,0.0,0.0,0.0,0.0,1058.0,4813.0,0.0,0.0,0.0,0.0,0.0,0.0,2988,831.40000,0.07600,0.43100,0.01400,0.00800,0.00100,0.15100,0.04900,0.13000,0.17000,0.05100,0.00500,0.00010,0.00200,0.00500,0.43700,0.01300,0.00800,0.00200,0.14900,0.04900,0.12900,0.16000,0.05200,0.00400,0.00010,0.00100,0.00500
10140,60.021,53.2,88.6356441911,53466,15243,824,28,890.7882241215574,2017,41,Middle,Team 1    ,A100BPF   ,2986.0,472,3755,0.0,0.0,0.0,5.0,6.0,7.0,17345,66081,22231,2313,5110,0,0.0,0.0,0.0,0.0,0.0,0.0,0.0,0.0,0.0,0.0,475.0,0.0,0.0,0.0,0.0,0.0,0.0,1303.0,0.0,0.0,0.0,0.0,1395.0,4264.0,0.0,0.0,0.0,0.0,0.0,0.0,2915,707.10000,0.07100,0.40100,0.01400,0.00600,0.00067,0.06700,0.04200,0.16000,0.11400,0.05200,0.00700,0.00100,0.00200,0.00600,0.44900,0.01300,0.00500,0.00200,0.06900,0.05000,0.13700,0.10400,0.05700,0.00400,0.00010,0.00200,0.00500
10141,58.1865,53.4,91.7738650717,45326,15217,427,28,778.9779416187604,1983,43,North,Team 1    ,A100BPF   ,,201,3617,0.0,0.0,0.0,5.0,6.0,7.0,16187,63469,22683,2207,4918,0,0.0,0.0,0.0,0.0,0.0,0.0,0.0,0.0,0.0,0.0,470.0,0.0,0.0,0.0,0.0,0.0,0.0,1296.0,0.0,0.0,0.0,0.0,1596.0,4017.0,0.0,0.0,0.0,0.0,0.0,0.0,2951,885.70000,0.05700,0.33300,0.01200,0.00500,0.00300,0.06200,0.04200,0.12200,0.10800,0.04900,0.00500,0.00010,0.01400,0.00500,0.44800,0.01000,0.00600,0.00200,0.06500,0.04100,0.12000,0.11200,0.05000,0.00500,0.00010,0.01300,0.00500
10142,58.4135,53.2,91.0748371523,45510,14654,739,35,779.1007215797719,1965,33,South,Team 1    ,A100BPF   ,3023.0,839,3681,0.0,0.0,0.0,5.0,6.0,7.0,16440,62803,22421,2590,5280,0,0.0,0.0,0.0,0.0,0.0,0.0,0.0,0.0,0.0,0.0,457.0,0.0,0.0,0.0,0.0,0.0,0.0,1166.0,0.0,0.0,0.0,0.0,1219.0,4908.0,0.0,0.0,0.0,0.0,0.0,0.0,2965,1223.70000,0.04800,0.36800,0.01100,0.00600,0.00200,0.06600,0.04100,0.11600,0.12100,0.04800,0.00500,0.00010,0.00500,0.00600,0.46300,0.01100,0.00600,0.00200,0.06600,0.04100,0.11500,0.11900,0.04700,0.00500,0.00010,0.00500,0.00600
10143,60.5335,53.3,88.0504183633,48614,16419,681,35,803.0925024986166,1868,68,Middle,Team 1    ,85HP      ,3054.0,601,3048,0.0,0.0,0.0,5.0,6.0,7.0,6991,84376,0,0,2797,0,0.0,8750.0,0.0,10131.0,0.0,0.0,0.0,0.0,0.0,3115.0,447.0,0.0,0.0,0.0,0.0,0.0,0.0,0.0,920.0,0.0,0.0,0.0,0.0,0.0,2154.0,0.0,0.0,1833.0,0.0,0.0,2930,906.30000,0.05300,0.36100,0.01100,0.00500,0.00400,0.07800,0.02800,0.08100,0.10900,0.72600,0.00600,0.00010,0.00200,0.00400,0.39400,0.01000,0.00500,0.00400,0.07500,0.02700,0.08200,0.11400,0.85700,0.00300,0.00010,0.00200,0.00400
10144,60.6865,53.1,87.4988671286,48531,16084,780,35,799.70009804487,2164,6,North,Team 1    ,85HP      ,,716,3651,0.0,0.0,0.0,5.0,6.0,7.0,0,82027,0,0,2418,0,2114.0,7950.0,0.0,10111.0,0.0,0.0,0.0,0.0,0.0,3664.0,463.0,0.0,0.0,0.0,0.0,0.0,0.0,0.0,820.0,0.0,0.0,0.0,4230.0,0.0,2667.0,0.0,0.0,3332.0,0.0,2040.0,2978,1155.30000,0.04600,0.41400,0.01100,0.00500,0.00400,0.08200,0.02800,0.07900,0.13700,0.75800,0.00500,0.00010,0.00100,0.00400,0.42000,0.01000,0.00400,0.00400,0.07700,0.02600,0.07800,0.12200,0.85100,0.00500,0.00010,0.00094,0.00400
10145,60.452,52.7,87.1766029246,51259,16179,776,35,847.9289353536691,1991,44,Middle,Team 1    ,85HP      ,2992.0,565,3775,0.0,1.0,0.0,5.0,7.0,7.0,0,81342,0,0,2685,0,2163.0,8204.0,0.0,9998.0,0.0,0.0,0.0,0.0,0.0,3122.0,486.0,0.0,0.0,0.0,0.0,0.0,0.0,0.0,820.0,0.0,0.0,0.0,4312.0,0.0,2163.0,0.0,0.0,3584.0,0.0,2511.0,3065,1530.60000,0.04300,0.44700,0.01100,0.00400,0.00400,0.04500,0.02700,0.07800,0.09100,0.77000,0.01000,0.00010,0.00100,0.00400,0.43400,0.01100,0.00400,0.00300,0.04300,0.02800,0.08100,0.12200,0.86000,0.00300,0.00010,0.00100,0.00500
10146,60.033,53.3,88.7845018573,50654,16318,1134,28,843.7692602402012,2003,34,North,Team 1    ,85HP      ,3091.0,414,3687,0.0,0.0,0.0,5.0,7.0,7.0,0,82939,0,0,2487,0,2498.0,8595.0,0.0,9841.0,0.0,0.0,0.0,0.0,0.0,3236.0,500.0,0.0,0.0,0.0,0.0,0.0,0.0,0.0,0.0,0.0,0.0,0.0,4932.0,0.0,2363.0,0.0,0.0,3175.0,0.0,0.0,2883,1194.80000,0.04500,0.45000,0.01200,0.00600,0.00400,0.03300,0.03200,0.09400,0.08500,0.77400,0.00400,0.00010,0.00200,0.00500,0.44700,0.01100,0.00500,0.00400,0.03300,0.03100,0.09400,0.12100,0.86800,0.00300,0.00010,0.00200,0.00500
10147,49.1705,54.8,111.4489378794,48027,14425,965,28,976.7441860465117,1980,69,South,Team 2    ,85HP      ,3061.0,982,3056,0.0,0.0,0.0,5.0,7.0,7.0,0,61869,0,0,2623,0,2178.0,8298.0,0.0,9553.0,0.0,0.0,0.0,0.0,0.0,3690.0,341.0,0.0,0.0,0.0,0.0,0.0,0.0,0.0,0.0,0.0,0.0,0.0,3803.0,0.0,2431.0,0.0,0.0,3896.0,0.0,0.0,3109,1779.30000,0.04200,0.33400,0.01300,0.00700,0.00300,0.06600,0.02900,0.08700,0.18400,0.75900,0.00400,0.00100,0.00063,0.00500,0.41600,0.01300,0.00700,0.00300,0.06800,0.03000,0.09000,0.19100,0.85900,0.00100,0.00010,0.00069,0.00500
10148,62.063,52.8,85.0748433043,51703,17140,920,28,833.0728453345794,1962,7,North,Team 2    ,A100BPF   ,,556,3822,0.0,0.0,1.0,5.0,7.0,8.0,0,73019,9777,4017,7385,0,7079.0,0.0,0.0,0.0,0.0,3604.0,0.0,0.0,0.0,0.0,491.0,0.0,7968.0,0.0,0.0,0.0,0.0,0.0,0.0,0.0,0.0,0.0,3827.0,3204.0,0.0,0.0,0.0,0.0,0.0,4246.0,3015,901.30000,0.06000,0.47100,0.01200,0.00600,0.00095,0.06400,0.04200,0.10500,0.16500,0.07700,0.00400,0.00010,0.00081,0.00500,0.45800,0.01200,0.00600,0.00200,0.06500,0.04300,0.10400,0.16000,0.07800,0.00400,0.00010,0.00082,0.00500
10149,63.7205,53.0,83.1757440698,56352,17924,1047,35,884.3621754380458,1980,45,South,Team 2    ,737SH     ,3024.0,663,3748,0.0,0.0,0.0,5.0,7.0,8.0,0,68266,0,1924,0,0,0.0,8274.0,0.0,0.0,2321.0,6213.0,8313.0,0.0,1850.0,1817.0,433.0,0.0,0.0,0.0,0.0,0.0,0.0,0.0,1360.0,0.0,3271.0,1102.0,0.0,3295.0,17170.0,0.0,0.0,2015.0,0.0,0.0,2986,1263.50000,0.04400,0.42400,0.01200,0.00400,0.00300,0.03300,1.08000,0.09700,0.25600,1.11000,0.00400,0.00010,0.00097,0.00500,0.43400,0.01200,0.00400,0.00400,0.03200,1.39000,0.10000,0.38500,1.30000,0.00100,0.00010,0.00089,0.00600
10150,61.6995,53.1,86.0622857559,51586,16627,550,28,836.084571187773,1956,71,North,Team 2    ,737SH     ,,1110,3846,0.0,0.0,0.0,5.0,7.0,8.0,0,65663,0,2042,0,0,0.0,7791.0,0.0,0.0,968.0,6054.0,8046.0,0.0,2428.0,2242.0,434.0,0.0,0.0,0.0,0.0,0.0,0.0,0.0,1200.0,0.0,3089.0,1102.0,0.0,3305.0,17237.0,0.0,0.0,1982.0,0.0,0.0,3111,916.60000,0.04400,0.39200,0.01300,0.00400,0.00400,0.02600,1.18000,0.09900,0.24300,1.16000,0.00400,0.00010,0.00200,0.00500,0.38400,0.01400,0.00400,0.00500,0.02500,1.39000,0.09900,0.39100,1.24000,0.00500,0.00200,0.00100,0.00500
10151,61.381,53.3,86.8346882585,56106,15072,1396,28,914.0613544908033,1922,72,North,Team 3    ,737SH     ,3033.0,826,3796,1.0,0.0,0.0,6.0,7.0,8.0,0,56983,0,2963,0,0,0.0,8044.0,0.0,0.0,2379.0,6005.0,12850.0,0.0,2121.0,2218.0,385.0,0.0,0.0,0.0,0.0,0.0,0.0,0.0,1200.0,0.0,3243.0,1102.0,0.0,3283.0,18060.0,0.0,0.0,2061.0,0.0,0.0,3048,1670.00000,0.03500,0.33800,0.01500,0.00500,0.00500,0.02600,1.27000,0.09400,0.25200,1.25000,0.00300,0.00200,0.00200,0.00500,0.37600,0.01300,0.00400,0.00600,0.02900,1.41000,0.09600,0.39100,1.23000,0.00400,0.00200,0.00100,0.00500
10152,61.27,53.1,86.6655785865,57999,18012,1212,28,946.6133507426146,1997,46,Middle,Team 3    ,737SH     ,3071.0,698,3804,0.0,0.0,0.0,6.0,7.0,8.0,0,64575,0,2520,0,0,0.0,0.0,0.0,0.0,2357.0,6010.0,10710.0,0.0,1922.0,0.0,436.0,0.0,0.0,0.0,0.0,0.0,0.0,0.0,1160.0,0.0,884.0,1102.0,0.0,3254.0,17745.0,0.0,7692.0,2359.0,0.0,0.0,2815,1276.60000,0.03800,0.35500,0.01200,0.00400,0.00500,0.02300,1.28000,0.10700,0.23200,1.18000,0.00300,0.00010,0.00400,0.00500,0.37900,0.01300,0.00400,0.00600,0.02300,1.39000,0.10400,0.39300,1.26000,0.00400,0.00100,0.00300,0.00500
10153,61.418,52.8,85.9682829138,60399,18433,1185,28,983.4087726725064,1980,8,South,Team 3    ,737SH     ,,996,3806,0.0,0.0,0.0,6.0,7.0,8.0,0,58442,0,2227,0,0,0.0,0.0,0.0,0.0,1069.0,5727.0,10943.0,0.0,2584.0,0.0,414.0,0.0,0.0,0.0,0.0,0.0,0.0,0.0,1100.0,0.0,0.0,1102.0,0.0,3805.0,18148.0,0.0,14945.0,2494.0,0.0,0.0,2954,1189.50000,0.04400,0.26500,0.01600,0.00500,0.00400,0.05100,1.26000,0.11000,0.26400,1.14000,0.00300,0.00010,0.00200,0.00600,0.32400,0.01500,0.00500,0.00500,0.05200,1.40000,0.11100,0.41700,1.23000,0.00400,0.00010,0.00200,0.00600
10154,56.0915,48.6,86.6441439433,53922,16710,904,28,961.3221254557285,1989,36,North,Team 1    ,737SH     ,3069.0,1465,3524,0.0,0.0,0.0,6.0,7.0,8.0,0,52404,0,2002,0,0,0.0,0.0,0.0,0.0,1074.0,6050.0,10895.0,0.0,3356.0,0.0,161.0,0.0,0.0,0.0,0.0,0.0,0.0,0.0,940.0,0.0,0.0,551.0,0.0,3196.0,14059.0,0.0,15040.0,2416.0,0.0,0.0,2959,1285.70000,0.04300,0.20800,0.01300,0.00500,0.00300,0.04500,0.86800,0.08800,0.24600,1.07000,0.00300,0.00010,0.00100,0.00500,0.37400,0.01300,0.00600,0.00500,0.04700,1.39000,0.08900,0.43100,1.26000,0.00200,0.00010,0.00090,0.00500
10155,60.1675,53.0,88.0874226118,49460,16845,777,35,822.0384759213862,2005,42,Middle,Team 1    ,A100BPF   ,3056.0,626,3755,0.0,0.0,0.0,6.0,7.0,8.0,15829,62650,10491,3847,7156,0,7355.0,0.0,0.0,0.0,0.0,3236.0,0.0,0.0,0.0,0.0,546.0,0.0,0.0,0.0,0.0,0.0,0.0,0.0,0.0,0.0,0.0,0.0,4546.0,3152.0,0.0,0.0,0.0,0.0,0.0,2073.0,2853,1425.50000,0.04300,0.43300,0.01500,0.00600,0.00100,0.04100,0.06000,0.11700,0.08900,0.07400,0.00500,0.00010,0.00200,0.00600,0.46900,0.01400,0.00600,0.00200,0.04200,0.06200,0.11900,0.11900,0.07600,0.00400,0.00010,0.00200,0.00600
10156,63.9495,53.8,84.1288829467,49196,16635,665,35,769.2945214583382,1804,73,South,Team 1    ,A100B     ,3062.0,426,3934,0.0,0.0,0.0,6.0,7.0,8.0,8550,100229,0,0,14695,0,0.0,0.0,0.0,0.0,0.0,0.0,0.0,0.0,0.0,2805.0,501.0,0.0,0.0,0.0,0.0,0.0,0.0,0.0,0.0,0.0,0.0,0.0,0.0,0.0,0.0,309.0,0.0,1620.0,0.0,0.0,2975,1306.40000,0.04300,0.41400,0.01100,0.00500,0.00200,0.03000,0.03000,0.06900,0.10300,0.04300,0.00400,0.00010,0.00300,0.00500,0.45400,0.01100,0.00600,0.00100,0.03000,0.02900,0.06900,0.10400,0.04300,0.00500,0.00010,0.00300,0.00500
10157,59.8995,53.1,88.6484862144,46228,15376,793,35,771.7593636006978,1986,47,North,Team 1    ,A100BPF   ,3021.0,402,3739,0.0,0.0,0.0,6.0,7.0,8.0,8757,91380,0,0,15127,0,0.0,0.0,0.0,0.0,0.0,0.0,0.0,0.0,0.0,2967.0,507.0,0.0,0.0,0.0,0.0,0.0,0.0,0.0,0.0,0.0,0.0,0.0,0.0,0.0,0.0,359.0,0.0,1568.0,0.0,0.0,2911,1444.70000,0.03900,0.43100,0.01100,0.00500,0.00200,0.03800,0.04600,0.07400,0.09400,0.04400,0.00600,0.00010,0.00400,0.00500,0.46300,0.01000,0.00500,0.00100,0.03800,0.04700,0.07600,0.12300,0.03800,0.00400,0.00010,0.00400,0.00500
10158,60.037,52.9,88.1123307293,51769,16444,1116,28,862.2849242966837,2015,9,Middle,Team 1    ,A100C     ,3021.0,691,3719,0.0,0.0,0.0,6.0,7.0,8.0,0,57424,0,2119,15305,0,0.0,0.0,0.0,0.0,0.0,0.0,0.0,0.0,0.0,3615.0,395.0,0.0,0.0,0.0,40014.0,0.0,0.0,0.0,0.0,0.0,0.0,0.0,0.0,0.0,0.0,300.0,0.0,1597.0,0.0,0.0,3016,1377.10000,0.03700,0.32800,0.00900,0.00400,0.00200,0.03200,0.04500,0.08300,0.08400,0.03600,0.00400,0.00010,0.00300,0.00500,0.37700,0.00900,0.00400,0.00100,0.03200,0.04400,0.08400,0.08400,0.03400,0.00300,0.00010,0.00200,0.00500
10159,60.17,53.4,88.7485457869,53796,16841,1055,35,894.0668107030082,1965,37,South,Team 1    ,A100C     ,2982.0,685,3743,0.0,0.0,0.0,6.0,7.0,8.0,0,77510,0,2494,14912,0,0.0,0.0,0.0,0.0,0.0,0.0,0.0,0.0,0.0,2978.0,424.0,0.0,0.0,0.0,20265.0,0.0,0.0,0.0,0.0,0.0,0.0,0.0,0.0,0.0,0.0,300.0,0.0,2181.0,0.0,0.0,2935,1342.50000,0.03700,0.34700,0.01000,0.00500,0.00200,0.03700,0.04700,0.07600,0.07800,0.05300,0.00600,0.00010,0.00300,0.00500,0.37000,0.01000,0.00400,0.00200,0.03900,0.04800,0.07700,0.08000,0.04900,0.00500,0.00037,0.00200,0.00500
10160,60.073,53.8,89.5577047925,49875,16472,736,28,830.2398748189703,1888,74,Middle,Team 1    ,A100C     ,,537,3915,0.0,0.0,0.0,6.0,7.0,8.0,0,58424,0,0,14877,0,0.0,0.0,0.0,0.0,0.0,0.0,0.0,0.0,0.0,3232.0,424.0,0.0,0.0,0.0,42143.0,0.0,0.0,0.0,0.0,0.0,0.0,0.0,0.0,0.0,0.0,311.0,0.0,1470.0,0.0,0.0,2928,1235.00000,0.03700,0.36300,0.00900,0.00400,0.00200,0.04900,0.04400,0.08300,0.06700,0.03100,0.00500,0.00010,0.00300,0.00400,0.33700,0.00800,0.00400,0.00200,0.05000,0.04300,0.08200,0.06700,0.03300,0.00500,0.00010,0.00200,0.00400
10161,60.049,53.1,88.4277839764,49453,16356,1037,35,823.544105647055,1980,48,South,Team 2    ,A100BPF   ,3009.0,590,3768,0.0,0.0,0.0,6.0,7.0,8.0,8009,92462,0,0,14876,0,0.0,0.0,0.0,0.0,0.0,0.0,0.0,0.0,0.0,3298.0,463.0,0.0,0.0,0.0,0.0,0.0,0.0,0.0,0.0,0.0,0.0,0.0,0.0,0.0,0.0,456.0,0.0,1453.0,0.0,0.0,3058,1451.20000,0.04500,0.41200,0.01100,0.00500,0.00200,0.06800,0.03400,0.06900,0.08600,0.03700,0.00500,0.00010,0.00200,0.00400,0.44200,0.01000,0.00400,0.00300,0.06800,0.03300,0.06900,0.11300,0.03500,0.00300,0.00010,0.00200,0.00400
10162,60.1275,52.9,87.9797097833,43958,15065,691,35,731.0797887821712,1168,10,Middle,Team 2    ,A100B     ,3023.0,543,3402,0.0,0.0,0.0,6.0,7.0,8.0,8000,92158,0,0,15456,0,0.0,0.0,0.0,0.0,0.0,0.0,0.0,0.0,0.0,2944.0,454.0,0.0,0.0,0.0,0.0,0.0,0.0,0.0,0.0,0.0,0.0,0.0,0.0,0.0,0.0,331.0,0.0,1697.0,0.0,0.0,3035,1462.20000,0.04200,0.35400,0.01200,0.00600,0.00200,0.06200,0.03200,0.07300,0.11000,0.03800,0.00500,0.00010,0.00200,0.00500,0.43000,0.01100,0.00600,0.00100,0.06200,0.03200,0.07300,0.11000,0.03800,0.00400,0.00010,0.00200,0.00500
10163,63.9185,52.7,82.4487433215,55845,17168,1158,35,873.6907155205457,2002,38,North,Team 2    ,A100B     ,,1044,3862,0.0,0.0,0.0,6.0,7.0,8.0,8463,99715,0,0,15168,0,0.0,0.0,0.0,0.0,0.0,0.0,0.0,0.0,0.0,2979.0,468.0,0.0,0.0,0.0,0.0,0.0,0.0,0.0,0.0,0.0,0.0,0.0,0.0,0.0,0.0,412.0,0.0,1512.0,0.0,0.0,2959,1327.10000,0.03900,0.37100,0.01300,0.00500,0.00200,0.04600,0.03300,0.07900,0.08700,0.03200,0.00300,0.00010,0.00200,0.00600,0.44300,0.01400,0.00500,0.00100,0.04700,0.03300,0.07800,0.08700,0.03500,0.00500,0.00010,0.00200,0.00600
10164,50.2745,50.6,100.647445524,32628,12427,743,28,648.9970064346736,1741,49,South,Team 2    ,A100BPF   ,3045.0,1356,3112,0.0,0.0,0.0,6.0,7.0,8.0,8131,71856,0,0,15396,0,0.0,0.0,0.0,0.0,0.0,0.0,0.0,0.0,0.0,3360.0,317.0,0.0,0.0,0.0,0.0,0.0,0.0,0.0,0.0,0.0,0.0,0.0,0.0,0.0,0.0,245.0,0.0,1806.0,0.0,0.0,2962,1223.70000,0.04100,0.37700,0.01600,0.00600,0.00020,0.06400,0.04000,0.07800,0.16200,0.02900,0.00300,0.00010,0.00052,0.00600,0.41700,0.01500,0.00600,0.00100,0.06900,0.04100,0.07800,0.17400,0.02900,0.00300,0.00010,0.00047,0.00600
10165,64.6255,53.8,83.2488723491,27156,10718,715,34,420.2056463779777,1966,50,South,Team 3    ,A100X     ,,406,3500,0.0,1.0,0.0,6.0,8.0,8.0,0,0,16515,0,0,0,30374.0,2370.0,0.0,0.0,0.0,12146.0,0.0,0.0,0.0,0.0,482.0,1063.0,24172.0,0.0,0.0,31121.0,0.0,0.0,0.0,0.0,0.0,0.0,9378.0,0.0,0.0,0.0,0.0,0.0,0.0,2112.0,2892,164.50000,0.17000,0.43400,0.01800,0.00900,0.00300,0.10100,0.07100,0.22200,0.17500,0.05600,0.00500,0.00078,0.00200,0.00800,0.44900,0.01600,0.00800,0.00200,0.09900,0.06900,0.22600,0.16800,0.05700,0.00500,0.00010,0.00200,0.00800
10166,64.03,54.0,84.3354677494,35904,12027,1308,35,560.7371544588474,1988,38,Middle,Team 3    ,A100BPF   ,3078.0,251,3500,0.0,0.0,0.0,6.0,8.0,8.0,16133,69877,15458,2013,7030,0,6990.0,0.0,0.0,0.0,0.0,2798.0,0.0,0.0,0.0,1837.0,479.0,0.0,0.0,0.0,0.0,0.0,0.0,0.0,0.0,0.0,0.0,0.0,3816.0,0.0,0.0,0.0,0.0,0.0,0.0,2108.0,2836,622.90000,0.07200,0.37000,0.01500,0.00900,0.00400,0.08600,0.06700,0.13700,0.14400,0.04800,0.00600,0.00100,0.00300,0.00600,0.49400,0.01500,0.00900,0.00100,0.08800,0.06600,0.13900,0.14600,0.04600,0.00300,0.00010,0.00200,0.00600
10167,60.2715,53.6,88.9309209161,38751,11581,1315,35,642.9406933625345,1949,11,North,Team 3    ,A100B     ,3014.0,351,3747,0.0,0.0,0.0,6.0,8.0,8.0,8587,68997,0,4116,7564,0,0.0,0.0,0.0,0.0,0.0,0.0,0.0,0.0,0.0,2780.0,479.0,0.0,0.0,0.0,27062.0,0.0,0.0,0.0,0.0,0.0,0.0,0.0,0.0,0.0,0.0,297.0,0.0,1437.0,0.0,0.0,2847,895.70000,0.06100,0.35700,0.01400,0.00700,0.00300,0.07600,0.04800,0.08600,0.10400,0.03700,0.00600,0.00100,0.00300,0.01300,0.47000,0.01400,0.00700,0.00200,0.07700,0.04700,0.08700,0.10500,0.03700,0.00500,0.00065,0.00200,0.00400
10168,59.969,53.6,89.3795127482,37010,11236,1287,28,617.1521953009054,2001,51,Middle,Team 3    ,A100B     ,3024.0,301,3740,0.0,0.0,0.0,6.0,8.0,8.0,8248,64174,0,4129,8223,0,0.0,0.0,0.0,0.0,0.0,0.0,0.0,0.0,0.0,3226.0,481.0,0.0,0.0,0.0,30135.0,0.0,0.0,0.0,0.0,0.0,0.0,0.0,0.0,0.0,0.0,301.0,0.0,1803.0,0.0,0.0,2829,434.20000,0.08000,0.38600,0.01300,0.00600,0.00200,0.08400,0.03500,0.12200,0.11400,0.02700,0.00400,0.00073,0.00300,0.00400,0.46700,0.01400,0.00600,0.00100,0.08500,0.03400,0.12400,0.11300,0.02700,0.00300,0.00013,0.00300,0.00400
10169,59.9635,53.9,89.8880152092,40300,11700,397,28,672.0755126035004,1704,76,South,Team 1    ,A100B     ,,327,3718,0.0,0.0,0.0,6.0,8.0,8.0,8163,65537,0,4365,7862,0,0.0,0.0,0.0,0.0,0.0,0.0,0.0,0.0,0.0,3258.0,447.0,0.0,0.0,0.0,29049.0,0.0,0.0,0.0,0.0,0.0,0.0,0.0,0.0,0.0,0.0,300.0,0.0,1693.0,0.0,0.0,2950,748.20000,0.06300,0.30000,0.01200,0.00400,0.00100,0.04800,0.05500,0.09600,0.07200,0.04200,0.00500,0.00015,0.00200,0.00400,0.44200,0.01600,0.00500,0.00200,0.05000,0.05900,0.09400,0.07500,0.04000,0.00300,0.00036,0.00200,0.00400
10170,60.2765,53.6,88.9235440013,40178,12673,345,35,666.5615953149237,0,52,Atomize,Team 1    ,A100BPF   ,3023.0,343,3741,0.0,0.0,0.0,6.0,8.0,8.0,16762,60179,14788,2066,7610,0,7287.0,0.0,0.0,0.0,0.0,3594.0,0.0,0.0,0.0,1653.0,493.0,0.0,0.0,0.0,0.0,0.0,0.0,0.0,0.0,0.0,0.0,0.0,4063.0,0.0,0.0,0.0,0.0,0.0,0.0,2551.0,3040,1350.40000,0.04700,0.37800,0.01300,0.00500,0.00100,0.05500,0.07700,0.16700,0.09400,0.05000,0.00700,0.00010,0.00500,0.00600,0.45700,0.01400,0.00500,0.00200,0.05500,0.07700,0.16400,0.11700,0.04900,0.00400,0.00010,0.00500,0.00600
10171,61.092,53.9,88.2275911739,51483,15953,858,28,842.7126301316048,1867,76,South,Team 1    ,4600V     ,2995.0,351,3809,0.0,0.0,0.0,6.0,8.0,8.0,0,61403,0,0,0,0,0.0,0.0,0.0,0.0,3561.0,3979.0,6259.0,0.0,3970.0,3506.0,473.0,0.0,0.0,0.0,0.0,0.0,0.0,0.0,380.0,0.0,4075.0,1653.0,1563.0,0.0,12032.0,0.0,17687.0,0.0,0.0,2116.0,2920,1329.50000,0.03800,0.30600,0.01500,0.00300,0.00100,0.02800,1.48000,0.10400,0.08100,0.48300,0.00700,0.00010,0.00200,0.00400,0.43500,0.01600,0.00400,0.00300,0.02900,1.81000,0.10400,0.15600,0.54600,0.00500,0.00200,0.00200,0.00400
10172,58.07,53.4,91.9579817461,48422,15438,760,28,833.8556914069227,1994,12,Middle,Team 1    ,4600APF   ,3019.0,578,3597,0.0,0.0,0.0,6.0,8.0,8.0,0,58989,0,0,0,0,0.0,0.0,0.0,0.0,2037.0,4762.0,6113.0,0.0,2918.0,3558.0,474.0,0.0,0.0,0.0,0.0,0.0,0.0,0.0,340.0,0.0,2571.0,1102.0,1574.0,0.0,12416.0,0.0,16634.0,0.0,0.0,3126.0,2890,1394.80000,0.03200,0.34300,0.01700,0.00400,0.00300,0.03600,1.29000,0.08100,0.10900,0.50300,0.00900,0.00010,0.00100,0.00400,0.47500,0.01800,0.00400,0.00500,0.03600,1.84000,0.08200,0.19700,0.53800,0.00500,0.00010,0.00100,0.00400
10173,63.1365,54.0,85.5289729395,59448,16514,1493,35,941.5789598726569,1982,43,South,Team 2    ,4600APF   ,3019.0,750,3795,0.0,0.0,0.0,6.0,8.0,8.0,0,73065,0,0,0,0,0.0,0.0,0.0,0.0,0.0,4305.0,6246.0,0.0,0.0,3873.0,456.0,0.0,0.0,0.0,0.0,0.0,0.0,0.0,400.0,0.0,4509.0,1653.0,1609.0,0.0,12185.0,0.0,16543.0,0.0,0.0,1885.0,2736,25.30000,0.00000,0.35500,0.02100,0.00400,0.00092,0.03400,1.51000,0.07300,0.11800,0.50800,0.00300,0.00010,0.00100,0.00400,0.45800,0.02200,0.00400,0.00200,0.03600,1.86000,0.07300,0.18600,0.55600,0.00300,0.00010,0.00100,0.00500
10174,61.2325,53.5,87.3719021761,61626,18445,1375,28,1006.4263258890295,2006,77,Middle,Team 2    ,4600V     ,,686,3812,0.0,0.0,0.0,6.0,8.0,8.0,0,69650,0,0,0,0,0.0,0.0,0.0,0.0,0.0,4969.0,6039.0,0.0,0.0,3234.0,491.0,0.0,0.0,0.0,0.0,0.0,0.0,0.0,360.0,0.0,4037.0,1653.0,1678.0,0.0,12148.0,0.0,16669.0,0.0,0.0,2028.0,2880,2022.50000,0.03500,0.37900,0.02000,0.00300,0.00200,0.02500,1.73000,0.09200,0.08200,0.53700,0.00500,0.00010,0.00100,0.00500,0.45700,0.01800,0.00400,0.00200,0.02600,1.83000,0.09100,0.16300,0.53500,0.00300,0.00010,0.00100,0.00500
10175,61.3845,53.3,86.8297371486,53697,18925,622,35,874.7648021894778,1984,40,North,Team 3    ,4600V     ,3042.0,399,3817,0.0,0.0,0.0,6.0,8.0,8.0,0,70798,0,0,0,0,0.0,0.0,0.0,0.0,0.0,4244.0,5937.0,0.0,0.0,3285.0,470.0,0.0,0.0,0.0,0.0,0.0,0.0,0.0,360.0,0.0,4068.0,1653.0,1536.0,0.0,12127.0,0.0,16687.0,0.0,0.0,2074.0,2919,1543.00000,0.04100,0.35400,0.01700,0.00400,0.00400,0.02200,1.72000,0.09600,0.07100,0.46200,0.00500,0.00200,0.00100,0.00500,0.46100,0.01800,0.00400,0.00300,0.02400,1.80000,0.09600,0.15200,0.55500,0.00300,0.00010,0.00100,0.00500
10176,53.708,50.6,94.2131526029,47599,15060,942,28,886.255306472034,1272,13,South,Team 3    ,4600V     ,3075.0,1031,3368,0.0,0.0,0.0,6.0,8.0,8.0,0,59170,0,0,0,0,0.0,0.0,0.0,0.0,0.0,4257.0,6256.0,0.0,0.0,3574.0,300.0,0.0,0.0,0.0,0.0,0.0,0.0,0.0,300.0,0.0,4116.0,1102.0,1462.0,0.0,12159.0,0.0,12381.0,0.0,0.0,2639.0,2953,1463.00000,0.04000,0.26300,0.02100,0.00400,0.00300,0.04100,1.37000,0.08300,0.18000,0.48500,0.00600,0.00089,0.00078,0.00400,0.43600,0.01900,0.00400,0.00300,0.03400,1.81000,0.08500,0.17500,0.54700,0.00400,0.00056,0.00088,0.00400
10177,62.4545,53.7,85.9825953293,49740,16466,956,35,796.4197936097479,1994,53,Middle,Team 3    ,A100BPF   ,,302,3888,0.0,0.0,0.0,6.0,8.0,8.0,15350,64558,15839,1748,7688,0,7910.0,0.0,0.0,0.0,0.0,3038.0,0.0,0.0,0.0,2394.0,537.0,0.0,0.0,0.0,0.0,0.0,0.0,0.0,0.0,0.0,0.0,0.0,4279.0,0.0,0.0,0.0,0.0,0.0,0.0,2105.0,2935,753.00000,0.07300,0.36800,0.01600,0.00700,0.00300,0.06400,0.06900,0.13400,0.16300,0.05000,0.00600,0.00023,0.00200,0.00600,0.44200,0.01400,0.00600,0.00400,0.06300,0.06700,0.13200,0.15800,0.05200,0.00500,0.00010,0.00200,0.00600
10178,64.11,53.6,83.606301669,52147,16754,956,35,813.3988457338949,1979,44,North,Team 3    ,A100B     ,3100.0,333,3969,0.0,0.0,0.0,6.0,8.0,8.0,0,90444,0,3970,5136,0,0.0,0.0,0.0,0.0,0.0,0.0,0.0,0.0,0.0,0.0,482.0,0.0,0.0,0.0,27098.0,0.0,0.0,0.0,0.0,0.0,0.0,0.0,0.0,0.0,0.0,303.0,0.0,1572.0,0.0,0.0,2945,976.30000,0.05400,0.38200,0.01300,0.00600,0.00300,0.04100,0.03000,0.06200,0.15300,0.04200,0.00700,0.00200,0.00300,0.00400,0.48900,0.00900,0.00700,0.00200,0.04300,0.03200,0.06200,0.15200,0.03900,0.00300,0.00010,0.00200,0.00400
10179,60.071,54.3,90.3930349086,51875,16382,913,35,863.5614522814669,1296,78,South,Team 3    ,A100B     ,3032.0,367,3759,0.0,0.0,0.0,6.0,8.0,8.0,0,81300,0,3860,5086,0,0.0,0.0,0.0,0.0,0.0,0.0,0.0,0.0,0.0,0.0,467.0,0.0,0.0,0.0,28236.0,0.0,0.0,0.0,0.0,0.0,0.0,0.0,0.0,0.0,0.0,295.0,0.0,1660.0,0.0,0.0,2938,1042.80000,0.05900,0.33000,0.01300,0.00700,0.00600,0.03800,0.03500,0.06900,0.14700,0.04200,0.01100,0.00900,0.00300,0.00400,0.50600,0.01000,0.00600,0.00200,0.03800,0.03600,0.06900,0.14200,0.03800,0.00500,0.00200,0.00200,0.00400
10180,60.3215,54.1,89.6860986547,49444,15602,651,35,819.6745770579313,2004,41,Middle,Team 3    ,A100B     ,3031.0,248,3695,0.0,0.0,0.0,6.0,8.0,8.0,0,82941,0,4028,5049,0,0.0,0.0,0.0,0.0,0.0,0.0,0.0,0.0,0.0,0.0,467.0,0.0,0.0,0.0,26987.0,0.0,0.0,0.0,0.0,0.0,0.0,0.0,0.0,0.0,0.0,347.0,0.0,1638.0,0.0,0.0,2983,773.10000,0.06700,0.29200,0.01100,0.00600,0.00400,0.03900,0.03900,0.07900,0.12000,0.03600,0.00800,0.00500,0.00400,0.00400,0.50300,0.01100,0.00700,0.00500,0.04100,0.03900,0.07900,0.12200,0.03600,0.00600,0.00700,0.00400,0.00400
10181,59.9455,53.7,89.5813697441,48501,15725,664,28,809.0849188012444,1737,14,South,Team 3    ,A100B     ,,382,3734,0.0,0.0,1.0,6.0,8.0,9.0,0,77744,0,5178,5084,0,0.0,0.0,0.0,0.0,0.0,0.0,0.0,0.0,0.0,0.0,473.0,0.0,0.0,0.0,30351.0,0.0,0.0,0.0,0.0,0.0,0.0,0.0,0.0,0.0,0.0,300.0,0.0,1534.0,0.0,0.0,2960,1333.70000,0.04200,0.37700,0.01000,0.00600,0.00200,0.03400,0.03600,0.07100,0.11200,0.03600,0.00500,0.00050,0.00500,0.00400,0.44200,0.00900,0.00600,0.00300,0.03500,0.03700,0.07100,0.11300,0.03600,0.00400,0.00041,0.00500,0.00400
10182,60.2275,53.7,89.1619276908,49626,16409,841,28,823.9757585820431,1126,54,South,Team 3    ,A100BPF   ,,369,3770,0.0,0.0,0.0,6.0,8.0,9.0,0,81031,0,4628,5159,0,0.0,0.0,0.0,0.0,0.0,0.0,0.0,0.0,0.0,0.0,462.0,0.0,0.0,0.0,28178.0,0.0,0.0,0.0,0.0,0.0,0.0,0.0,0.0,0.0,0.0,301.0,0.0,1459.0,0.0,0.0,2936,1222.80000,0.04800,0.38700,0.01000,0.00600,0.00200,0.04500,0.04000,0.08600,0.12900,0.03200,0.00500,0.00052,0.00200,0.00400,0.45800,0.01000,0.00600,0.00100,0.04600,0.04000,0.08300,0.12700,0.03400,0.00400,0.00010,0.00200,0.00400
